{"chunk_definitions":[{"row":29,"row_count":1,"visible":true,"expansion_state":0,"options":[],"document_id":null,"chunk_id":"c58jbibe31h6t","chunk_label":"unnamed-chunk-1"},{"row":45,"row_count":1,"visible":true,"expansion_state":0,"options":[],"document_id":null,"chunk_id":"co22v68xccyd9","chunk_label":"unnamed-chunk-2"},{"row":51,"row_count":1,"visible":true,"expansion_state":0,"options":[],"document_id":null,"chunk_id":"ct5zye9vodsvb","chunk_label":"unnamed-chunk-3"},{"row":68,"row_count":1,"visible":true,"expansion_state":0,"options":[],"document_id":null,"chunk_id":"ca8onpttxnu7b","chunk_label":"unnamed-chunk-4"},{"row":90,"row_count":1,"visible":true,"expansion_state":0,"options":[],"document_id":null,"chunk_id":"chim7uq0q34m7","chunk_label":"unnamed-chunk-5"},{"row":111,"row_count":1,"visible":true,"expansion_state":0,"options":[],"document_id":null,"chunk_id":"ch793gl9wxvtz","chunk_label":"unnamed-chunk-6"},{"row":128,"row_count":1,"visible":true,"expansion_state":0,"options":[],"document_id":null,"chunk_id":"c4js488yqcum7","chunk_label":"unnamed-chunk-7"},{"row":167,"row_count":1,"visible":true,"expansion_state":0,"options":[],"document_id":null,"chunk_id":"c6i0s89rqmz4x","chunk_label":"unnamed-chunk-8"}],"doc_write_time":1697550656}