[{"name":"htmlwidgets","version":"1.5.4","src":{"file":"www"},"meta":null,"script":"htmlwidgets.js","stylesheet":null,"head":null,"attachment":null,"package":"htmlwidgets","all_files":true},{"name":"jquery","version":"3.5.1","src":{"file":"htmlwidgets\/lib\/jquery"},"meta":null,"script":"jquery.min.js","stylesheet":null,"head":null,"attachment":null,"package":"highcharter","all_files":true},{"name":"proj4js","version":"2.3.15","src":{"file":"htmlwidgets\/lib\/proj4js"},"meta":null,"script":"proj4.js","stylesheet":null,"head":null,"attachment":null,"package":"highcharter","all_files":true},{"name":"highcharts","version":"9.3.1","src":{"file":"htmlwidgets\/lib\/highcharts"},"meta":null,"script":["highcharts.js","highcharts-3d.js","highcharts-more.js","modules\/stock.js","modules\/map.js","modules\/data.js","modules\/exporting.js","modules\/offline-exporting.js","modules\/drilldown.js","modules\/item-series.js","modules\/overlapping-datalabels.js","modules\/annotations.js","modules\/export-data.js","modules\/funnel.js","modules\/heatmap.js","modules\/treemap.js","modules\/sankey.js","modules\/dependency-wheel.js","modules\/organization.js","modules\/solid-gauge.js","modules\/streamgraph.js","modules\/sunburst.js","modules\/vector.js","modules\/wordcloud.js","modules\/xrange.js","modules\/tilemap.js","modules\/venn.js","modules\/gantt.js","modules\/timeline.js","modules\/parallel-coordinates.js","modules\/bullet.js","modules\/coloraxis.js","modules\/dumbbell.js","modules\/lollipop.js","modules\/series-label.js","plugins\/motion.js","custom\/reset.js","modules\/boost.js"],"stylesheet":"css\/motion.css","head":null,"attachment":null,"package":"highcharter","all_files":true},{"name":"highchart-binding","version":"0.9.4","src":{"file":"htmlwidgets"},"meta":null,"script":"highchart.js","stylesheet":null,"head":null,"attachment":null,"package":"highcharter","all_files":false}]
