{"chunk_definitions":[{"row":15,"row_count":1,"visible":true,"expansion_state":0,"options":{"include":false,"engine":"r","label":"setup"},"document_id":null,"chunk_id":"csetup_chunk","chunk_label":"setup"},{"row":26,"row_count":1,"visible":true,"expansion_state":0,"options":{"engine":"r","label":"unnamed-chunk-4"},"document_id":null,"chunk_id":"cnxo81vjwfo2n","chunk_label":"unnamed-chunk-1"},{"row":40,"row_count":1,"visible":true,"expansion_state":0,"options":{"engine":"r","label":"unnamed-chunk-5"},"document_id":null,"chunk_id":"cmsrespluc9kk","chunk_label":"unnamed-chunk-2"},{"row":53,"row_count":1,"visible":true,"expansion_state":0,"options":{"engine":"r","label":"unnamed-chunk-6"},"document_id":null,"chunk_id":"cb6uf68iom6rg","chunk_label":"unnamed-chunk-3"},{"row":69,"row_count":1,"visible":true,"expansion_state":0,"options":{"engine":"r","label":"unnamed-chunk-7"},"document_id":null,"chunk_id":"cf7vbj598m64h","chunk_label":"unnamed-chunk-4"},{"row":86,"row_count":1,"visible":true,"expansion_state":0,"options":{"engine":"r","label":"unnamed-chunk-8"},"document_id":null,"chunk_id":"ck8gsz0us3qkq","chunk_label":"unnamed-chunk-5"},{"row":107,"row_count":1,"visible":true,"expansion_state":0,"options":{"engine":"r","label":"unnamed-chunk-10"},"document_id":null,"chunk_id":"cxni88nxqa39i","chunk_label":"unnamed-chunk-6"},{"row":122,"row_count":1,"visible":true,"expansion_state":0,"options":{"engine":"r","label":"unnamed-chunk-11"},"document_id":null,"chunk_id":"cz40oafm0nuv5","chunk_label":"unnamed-chunk-7"},{"row":132,"row_count":1,"visible":true,"expansion_state":0,"options":{"engine":"r","label":"unnamed-chunk-12"},"document_id":null,"chunk_id":"cim7726t2ynm9","chunk_label":"unnamed-chunk-8"},{"row":147,"row_count":1,"visible":true,"expansion_state":0,"options":{"engine":"r","label":"unnamed-chunk-13"},"document_id":null,"chunk_id":"c8cpfc60nydtf","chunk_label":"unnamed-chunk-9"},{"row":161,"row_count":1,"visible":true,"expansion_state":0,"options":{"engine":"r","label":"unnamed-chunk-14"},"document_id":null,"chunk_id":"cyu5n1qwqro1g","chunk_label":"unnamed-chunk-10"},{"row":176,"row_count":1,"visible":true,"expansion_state":0,"options":{"engine":"r","label":"unnamed-chunk-15"},"document_id":null,"chunk_id":"cfm4matas1dp9","chunk_label":"unnamed-chunk-11"},{"row":194,"row_count":1,"visible":true,"expansion_state":0,"options":{"engine":"r","label":"unnamed-chunk-16"},"document_id":null,"chunk_id":"c1tenojrrb91i","chunk_label":"unnamed-chunk-12"},{"row":207,"row_count":1,"visible":true,"expansion_state":0,"options":{"engine":"r","label":"unnamed-chunk-17"},"document_id":null,"chunk_id":"cu76sbm927pif","chunk_label":"unnamed-chunk-13"},{"row":222,"row_count":1,"visible":true,"expansion_state":0,"options":{"engine":"r","label":"unnamed-chunk-18"},"document_id":null,"chunk_id":"cfgo1a9viprix","chunk_label":"unnamed-chunk-14"},{"row":237,"row_count":1,"visible":true,"expansion_state":0,"options":{"engine":"r","label":"unnamed-chunk-21"},"document_id":null,"chunk_id":"caa2vx05t4sho","chunk_label":"unnamed-chunk-15"},{"row":247,"row_count":1,"visible":true,"expansion_state":0,"options":{"engine":"r","label":"unnamed-chunk-20"},"document_id":null,"chunk_id":"coxkv2kdl39gf","chunk_label":"unnamed-chunk-16"},{"row":258,"row_count":1,"visible":true,"expansion_state":0,"options":{"engine":"r","label":"unnamed-chunk-22"},"document_id":null,"chunk_id":"couuil49zeleb","chunk_label":"unnamed-chunk-17"},{"row":266,"row_count":1,"visible":true,"expansion_state":0,"options":{"engine":"r","label":"unnamed-chunk-23"},"document_id":null,"chunk_id":"cqvdujefvdep0","chunk_label":"unnamed-chunk-18"},{"row":275,"row_count":1,"visible":true,"expansion_state":0,"options":{"engine":"r","label":"unnamed-chunk-24"},"document_id":null,"chunk_id":"c6bn4oroilzla","chunk_label":"unnamed-chunk-19"},{"row":280,"row_count":1,"visible":true,"expansion_state":0,"options":{"engine":"r","label":"unnamed-chunk-25"},"document_id":null,"chunk_id":"chjxe7784khyf","chunk_label":"unnamed-chunk-20"},{"row":287,"row_count":1,"visible":true,"expansion_state":0,"options":{"engine":"r","label":"unnamed-chunk-26"},"document_id":null,"chunk_id":"crtpvpf6cevtn","chunk_label":"unnamed-chunk-21"},{"row":294,"row_count":1,"visible":true,"expansion_state":0,"options":{"engine":"r","label":"unnamed-chunk-27"},"document_id":null,"chunk_id":"cz2ux9zndus9g","chunk_label":"unnamed-chunk-22"},{"row":301,"row_count":1,"visible":true,"expansion_state":0,"options":{"engine":"r","label":"unnamed-chunk-28"},"document_id":null,"chunk_id":"cz4ijfr9en4pt","chunk_label":"unnamed-chunk-23"},{"row":310,"row_count":1,"visible":true,"expansion_state":0,"options":{"engine":"r","label":"unnamed-chunk-29"},"document_id":null,"chunk_id":"cl3kgpfzf70uq","chunk_label":"unnamed-chunk-24"},{"row":319,"row_count":1,"visible":true,"expansion_state":0,"options":{"engine":"r","label":"unnamed-chunk-30"},"document_id":null,"chunk_id":"cf7ohht9dt3iz","chunk_label":"unnamed-chunk-25"},{"row":325,"row_count":1,"visible":true,"expansion_state":0,"options":{"engine":"r","label":"unnamed-chunk-31"},"document_id":null,"chunk_id":"c3i7s47g01wit","chunk_label":"unnamed-chunk-26"}],"doc_write_time":1698157874,"working_dir":null,"default_chunk_options":{}}