{"chunk_definitions":[{"row":15,"row_count":1,"visible":true,"expansion_state":0,"options":{"engine":"r","label":"setup","include":false},"document_id":"157ABF51","chunk_id":"csetup_chunk","chunk_label":"setup"},{"row":21,"row_count":1,"visible":true,"expansion_state":0,"options":{"engine":"r","label":"unnamed-chunk-1"},"document_id":"157ABF51","chunk_id":"c4db8frld57xm","chunk_label":"unnamed-chunk-1"},{"row":26,"row_count":1,"visible":true,"expansion_state":0,"options":{"engine":"r","label":"unnamed-chunk-2"},"document_id":"157ABF51","chunk_id":"cyv77kz1ddvi7","chunk_label":"unnamed-chunk-2"},{"row":38,"row_count":1,"visible":true,"expansion_state":0,"options":{"engine":"r","label":"unnamed-chunk-3"},"document_id":"157ABF51","chunk_id":"c1vl46wc80dvc","chunk_label":"unnamed-chunk-3"},{"row":54,"row_count":1,"visible":true,"expansion_state":0,"options":{"engine":"r","label":"unnamed-chunk-4"},"document_id":"157ABF51","chunk_id":"celqw8havnoub","chunk_label":"unnamed-chunk-4"},{"row":88,"row_count":1,"visible":true,"expansion_state":0,"options":{"engine":"r","label":"unnamed-chunk-5"},"document_id":null,"chunk_id":"cb0ea32nd96hd","chunk_label":"unnamed-chunk-6"},{"row":94,"row_count":1,"visible":true,"expansion_state":0,"options":{"engine":"r","label":"unnamed-chunk-6"},"document_id":null,"chunk_id":"cj0c239kwstdy","chunk_label":"unnamed-chunk-7"},{"row":97,"row_count":1,"visible":true,"expansion_state":0,"options":{"engine":"r","label":"unnamed-chunk-7"},"document_id":null,"chunk_id":"c75pd5b4cq0v4","chunk_label":"unnamed-chunk-8"},{"row":100,"row_count":1,"visible":true,"expansion_state":0,"options":{"engine":"r","label":"unnamed-chunk-8"},"document_id":"157ABF51","chunk_id":"cid960qlh4lio","chunk_label":"unnamed-chunk-9"},{"row":103,"row_count":1,"visible":true,"expansion_state":0,"options":{"engine":"r","label":"unnamed-chunk-9"},"document_id":"157ABF51","chunk_id":"cr4jnaqqa9pyz","chunk_label":"unnamed-chunk-10"}],"doc_write_time":1666197172,"working_dir":null,"default_chunk_options":{"echo":true}}