{"chunk_definitions":[{"row":10,"row_count":1,"visible":true,"expansion_state":0,"options":{"engine":"r","label":"setup","include":false},"document_id":"0A862AC1","chunk_id":"csetup_chunk","chunk_label":"setup"},{"row":20,"row_count":1,"visible":true,"expansion_state":0,"options":{"engine":"r","label":"unnamed-chunk-10"},"document_id":null,"chunk_id":"chkhoe4iyypqz","chunk_label":"unnamed-chunk-1"},{"row":29,"row_count":1,"visible":true,"expansion_state":0,"options":{"engine":"r","label":"unnamed-chunk-11"},"document_id":null,"chunk_id":"ceu4ug70p64go","chunk_label":"unnamed-chunk-2"},{"row":40,"row_count":1,"visible":true,"expansion_state":0,"options":{"engine":"r","label":"unnamed-chunk-12"},"document_id":null,"chunk_id":"c12nqcor6q9y4","chunk_label":"unnamed-chunk-3"},{"row":51,"row_count":1,"visible":true,"expansion_state":0,"options":[],"document_id":null,"chunk_id":"cgeb6kg529b89","chunk_label":"unnamed-chunk-4"},{"row":64,"row_count":1,"visible":true,"expansion_state":0,"options":{"engine":"r","label":"unnamed-chunk-14"},"document_id":null,"chunk_id":"cspaiq5fsc9er","chunk_label":"unnamed-chunk-5"},{"row":80,"row_count":1,"visible":true,"expansion_state":0,"options":{"engine":"r","label":"unnamed-chunk-15"},"document_id":null,"chunk_id":"ct5wke1greq8t","chunk_label":"unnamed-chunk-6"}],"doc_write_time":1634588511}