{"chunk_definitions":[{"row":15,"row_count":1,"visible":true,"expansion_state":0,"options":{"engine":"r","label":"setup","include":false},"document_id":"EBC7ACC3","chunk_id":"csetup_chunk","chunk_label":"setup"},{"row":21,"row_count":1,"visible":true,"expansion_state":0,"options":{"engine":"r","label":"unnamed-chunk-1"},"document_id":"EBC7ACC3","chunk_id":"cufzw5kmueblu","chunk_label":"unnamed-chunk-1"},{"row":38,"row_count":1,"visible":true,"expansion_state":0,"options":{"engine":"r","label":"unnamed-chunk-2"},"document_id":"EBC7ACC3","chunk_id":"cbh7r74obye5x","chunk_label":"unnamed-chunk-3"}],"doc_write_time":1666197064,"working_dir":null,"default_chunk_options":{"echo":true}}