{"chunk_definitions":[{"row":21,"row_count":1,"visible":true,"expansion_state":0,"options":{"engine":"r","label":"setup","include":false},"document_id":"A75CD58D","chunk_id":"csetup_chunk","chunk_label":"setup"},{"row":27,"row_count":1,"visible":true,"expansion_state":0,"options":{"engine":"r","label":"unnamed-chunk-1"},"document_id":"A75CD58D","chunk_id":"c13q6mkner9yk","chunk_label":"unnamed-chunk-1"},{"row":43,"row_count":1,"visible":true,"expansion_state":0,"options":{"engine":"r","label":"unnamed-chunk-2"},"document_id":"A75CD58D","chunk_id":"ce3hgff81njhn","chunk_label":"unnamed-chunk-2"},{"row":49,"row_count":1,"visible":true,"expansion_state":0,"options":{"engine":"r","label":"unnamed-chunk-3"},"document_id":"A75CD58D","chunk_id":"cczvjce0y08zh","chunk_label":"unnamed-chunk-3"},{"row":66,"row_count":1,"visible":true,"expansion_state":0,"options":{"engine":"r","label":"unnamed-chunk-4"},"document_id":"A75CD58D","chunk_id":"cl20r4ahrse4b","chunk_label":"unnamed-chunk-4"},{"row":88,"row_count":1,"visible":true,"expansion_state":0,"options":{"engine":"r","message":false,"warning":false,"label":"unnamed-chunk-5"},"document_id":"A75CD58D","chunk_id":"cry0qcqgpohip","chunk_label":"unnamed-chunk-5"},{"row":109,"row_count":1,"visible":true,"expansion_state":0,"options":{"engine":"r","label":"unnamed-chunk-6"},"document_id":"A75CD58D","chunk_id":"c59545vhp7xx9","chunk_label":"unnamed-chunk-6"},{"row":126,"row_count":1,"visible":true,"expansion_state":0,"options":{"engine":"r","label":"unnamed-chunk-7"},"document_id":"A75CD58D","chunk_id":"cx0k6hanct5gd","chunk_label":"unnamed-chunk-7"},{"row":165,"row_count":1,"visible":true,"expansion_state":0,"options":{"engine":"r","label":"unnamed-chunk-8"},"document_id":"A75CD58D","chunk_id":"cvt10iiddtqob","chunk_label":"unnamed-chunk-8"}],"doc_write_time":1697550797,"working_dir":null,"default_chunk_options":{}}