{"chunk_definitions":[{"row":10,"row_count":1,"visible":true,"expansion_state":0,"options":{"engine":"r","label":"setup","include":false},"document_id":"8F7E7F21","chunk_id":"csetup_chunk","chunk_label":"setup"},{"row":23,"row_count":1,"visible":true,"expansion_state":0,"options":{"engine":"r","label":"unnamed-chunk-17"},"document_id":"8F7E7F21","chunk_id":"cgvouaw6ess5j","chunk_label":"unnamed-chunk-1"},{"row":34,"row_count":1,"visible":true,"expansion_state":0,"options":{"engine":"r","label":"unnamed-chunk-18"},"document_id":"8F7E7F21","chunk_id":"c2p0xorevr1dd","chunk_label":"unnamed-chunk-2"},{"row":46,"row_count":1,"visible":true,"expansion_state":0,"options":{"engine":"r","label":"unnamed-chunk-21"},"document_id":"8F7E7F21","chunk_id":"cdgqkyleitv90","chunk_label":"unnamed-chunk-3"}],"doc_write_time":1666055361,"working_dir":null,"default_chunk_options":{"echo":true}}