PERMNO,date,NAMEENDT,SHRCD,EXCHCD,SICCD,NCUSIP,TICKER,COMNAM,SHRCLS,TSYMBOL,NAICS,PRIMEXCH,TRDSTAT,SECSTAT,PERMCO,ISSUNO,HEXCD,HSICCD,CUSIP,DCLRDT,DLAMT,DLPDT,DLSTCD,NEXTDT,PAYDT,RCRDDT,SHRFLG,HSICMG,HSICIG,DISTCD,DIVAMT,FACPR,FACSHR,ACPERM,ACCOMP,SHRENDDT,NWPERM,DLRETX,DLPRC,DLRET,TRTSCD,NMSIND,MMCNT,NSDINX,BIDLO,ASKHI,PRC,VOL,RET,BID,ASK,SHROUT,CFACPR,CFACSHR,ALTPRC,SPREAD,ALTPRCDT,RETX,vwretd,vwretx,ewretd,ewretx,sprtrn
84788,20050131,,11,3,7370,02313510,AMZN,AMAZON COM INC,,AMZN,454110,Q,A,R,15473,20733,3,7370,02313510,,,,,,,,0,,,,,,,,,,,,,,1,2,88,12,40.38000,44.58000,43.22000,1950816,-0.024159,43.22000,43.21000,409711,1,1,43.22000,,20050131,-0.024159,-0.026546,-0.027399,-0.029282,-0.030146,-0.025290
84788,20050228,,11,3,7370,02313510,AMZN,AMAZON COM INC,,AMZN,454110,Q,A,R,15473,20733,3,7370,02313510,,,,,,,,0,,,,,,,,,,,,,,1,2,85,1,34.14000,42.48000,35.18000,2216684,-0.186025,35.21000,35.23000,409711,1,1,35.18000,,20050228,-0.186025,0.022646,0.020810,0.016643,0.015381,0.018903
84788,20050331,,11,3,7370,02313510,AMZN,AMAZON COM INC,,AMZN,454110,Q,A,R,15473,20733,3,7370,02313510,,,,,,,,0,,,,,,,,,20050331,,,,,1,2,85,12,32.88000,36.32000,34.27000,1207038,-0.025867,34.29000,34.30000,411000,1,1,34.27000,,20050331,-0.025867,-0.016944,-0.018578,-0.031842,-0.033588,-0.019118
84788,20050429,,11,3,7370,02313510,AMZN,AMAZON COM INC,,AMZN,454110,Q,A,R,15473,20733,3,7370,02313510,,,,,,,,0,,,,,,,,,20050721,,,,,1,2,83,17,31.72000,35.28000,32.36000,1673823,-0.055734,32.35000,32.36000,410890,1,1,32.36000,,20050429,-0.055734,-0.025206,-0.026590,-0.046513,-0.047919,-0.020109
84788,20050531,,11,3,7370,02313510,AMZN,AMAZON COM INC,,AMZN,454110,Q,A,R,15473,20733,3,7370,02313510,,,,,,,,0,,,,,,,,,,,,,,1,2,85,17,33.10000,35.68000,35.51000,1178687,0.097342,35.60000,35.59000,410890,1,1,35.51000,,20050531,0.097342,0.037954,0.036151,0.043820,0.042220,0.029952
84788,20050630,,11,3,7370,02313510,AMZN,AMAZON COM INC,,AMZN,454110,Q,A,R,15473,20733,3,7370,02313510,,,,,,,,0,,,,,,,,,,,,,,1,2,85,17,33.09000,36.64000,33.09000,1076818,-0.068150,33.08000,33.06000,410890,1,1,33.09000,,20050630,-0.068150,0.011529,0.009905,0.032139,0.030197,-0.000143
84788,20050729,,11,3,7370,02313510,AMZN,AMAZON COM INC,,AMZN,454110,Q,A,R,15473,20733,3,7370,02313510,,,,,,,,0,,,,,,,,,20050929,,,,,1,2,84,17,32.91000,45.68000,45.15000,1849677,0.364461,45.15000,45.15000,411913,1,1,45.15000,,20050729,0.364461,0.043358,0.042251,0.058751,0.057705,0.035968
84788,20050831,,11,3,7370,02313510,AMZN,AMAZON COM INC,,AMZN,454110,Q,A,R,15473,20733,3,7370,02313510,,,,,,,,0,,,,,,,,,,,,,,1,2,82,17,42.31000,46.51000,42.70000,1167934,-0.054264,42.69000,42.69000,411913,1,1,42.70000,,20050831,-0.054264,-0.005958,-0.007776,-0.007216,-0.008587,-0.011222
84788,20050930,,11,3,7370,02313510,AMZN,AMAZON COM INC,,AMZN,454110,Q,A,R,15473,20733,3,7370,02313510,,,,,,,,0,,,,,,,,,20051019,,,,,1,2,81,17,41.25000,45.30000,45.30000,1064092,0.060890,45.30000,45.31000,414000,1,1,45.30000,,20050930,0.060890,0.010600,0.009331,0.010533,0.009016,0.006949
84788,20051031,,11,3,7370,02313510,AMZN,AMAZON COM INC,,AMZN,454110,Q,A,R,15473,20733,3,7370,02313510,,,,,,,,0,,,,,,,,,20051229,,,,,1,2,78,17,38.95000,46.93000,39.86000,1481344,-0.120088,39.88000,39.87000,414473,1,1,39.86000,,20051031,-0.120088,-0.020866,-0.021974,-0.033876,-0.035031,-0.017741
84788,20051130,,11,3,7370,02313510,AMZN,AMAZON COM INC,,AMZN,454110,Q,A,R,15473,20733,3,7370,02313510,,,,,,,,0,,,,,,,,,,,,,,1,2,78,17,40.37000,48.85000,48.46000,2176167,0.215755,48.45000,48.45000,414473,1,1,48.46000,,20051130,0.215755,0.040326,0.038073,0.034319,0.032775,0.035186
84788,20051230,,11,3,7370,02313510,AMZN,AMAZON COM INC,,AMZN,454110,Q,A,R,15473,20733,3,7370,02313510,,,,,,,,0,,,,,,,,,20060212,,,,,1,2,80,17,47.15000,49.50000,47.15000,1223503,-0.027033,47.14000,47.15000,416000,1,1,47.15000,,20051230,-0.027033,0.003456,0.001884,0.013484,0.011157,-0.000952
84788,20060131,,11,3,7370,02313510,AMZN,AMAZON COM INC,,AMZN,454110,Q,A,R,15473,20733,3,7370,02313510,,,,,,,,0,,,,,,,,,,,,,,1,2,78,17,43.60000,47.87000,44.82000,1243542,-0.049417,44.64000,44.68000,416000,1,1,44.82000,,20060131,-0.049417,0.040072,0.038966,0.076354,0.075150,0.025467
84788,20060228,,11,3,7370,02313510,AMZN,AMAZON COM INC,,AMZN,454110,Q,A,R,15473,20733,3,7370,02313510,,,,,,,,0,,,,,,,,,20060330,,,,,1,2,81,17,37.44000,43.98000,37.44000,1660688,-0.164659,37.42000,37.44000,416923,1,1,37.44000,,20060228,-0.164659,-0.001639,-0.003552,0.004836,0.003476,0.000453
84788,20060331,,11,3,7370,02313510,AMZN,AMAZON COM INC,,AMZN,454110,Q,A,R,15473,20733,3,7370,02313510,,,,,,,,0,,,,,,,,,20060402,,,,,1,2,79,17,35.25000,37.21000,36.53000,1225117,-0.024306,36.57000,36.57000,417000,1,1,36.53000,,20060331,-0.024306,0.019065,0.017598,0.036978,0.035232,0.011065
84788,20060428,,11,3,7370,02313510,AMZN,AMAZON COM INC,,AMZN,454110,Q,A,R,15473,20733,3,7370,02313510,,,,,,,,0,,,,,,,,,20060629,,,,,1,2,77,17,35.21000,38.51000,35.21000,1070492,-0.036135,35.24000,35.22000,417865,1,1,35.21000,,20060428,-0.036135,0.013000,0.011530,0.009791,0.008497,0.012187
84788,20060531,,11,3,7370,02313510,AMZN,AMAZON COM INC,,AMZN,454110,Q,A,R,15473,20733,3,7370,02313510,,,,,,,,0,,,,,,,,,,,,,,1,2,76,17,31.61000,36.07000,34.61000,1460341,-0.017041,34.53000,34.52000,417865,1,1,34.61000,,20060531,-0.017041,-0.031032,-0.033010,-0.044331,-0.045982,-0.030917
84788,20060630,,11,3,7370,02313510,AMZN,AMAZON COM INC,,AMZN,454110,Q,A,R,15473,20733,3,7370,02313510,,,,,,,,0,,,,,,,,,20060719,,,,,1,2,76,17,33.41000,38.68000,38.68000,1155849,0.117596,38.66000,38.69000,419000,1,1,38.68000,,20060630,0.117596,-0.000391,-0.001887,-0.008479,-0.010474,0.000087
84788,20060731,,11,3,7370,02313510,AMZN,AMAZON COM INC,,AMZN,454110,Q,A,R,15473,20733,3,7370,02313510,,,,,,,,0,,,,,,,,,20060928,,,,,1,6,79,17,26.26000,38.61000,26.89000,2298955,-0.304809,26.87000,26.86000,418943,1,1,26.89000,,20060731,-0.304809,-0.001912,-0.002955,-0.022698,-0.023752,0.005086
84788,20060831,,11,3,7370,02313510,AMZN,AMAZON COM INC,,AMZN,454110,Q,A,R,15473,20733,3,7370,02313510,,,,,,,,0,,,,,,,,,,,,,,1,6,77,17,26.07000,30.83000,30.83000,1602105,0.146523,30.82000,30.82000,418943,1,1,30.83000,,20060831,0.146523,0.025041,0.022968,0.025011,0.023562,0.021274
84788,20060929,,11,3,7370,02313510,AMZN,AMAZON COM INC,,AMZN,454110,Q,A,R,15473,20733,3,7370,02313510,,,,,,,,0,,,,,,,,,20061019,,,,,1,6,77,17,29.73000,32.52000,32.12000,1462833,0.041842,32.15000,32.13000,411000,1,1,32.12000,,20060929,0.041842,0.019428,0.018110,0.009006,0.007433,0.024566
84788,20061031,,11,3,7370,02313510,AMZN,AMAZON COM INC,,AMZN,454110,Q,A,R,15473,20733,3,7370,02313510,,,,,,,,0,,,,,,,,,20061228,,,,,1,6,81,17,30.87000,38.30000,38.09000,2109535,0.185866,38.05000,38.08000,411923,1,1,38.09000,,20061031,0.185866,0.037153,0.036107,0.046186,0.045160,0.031508
84788,20061130,,11,3,7370,02313510,AMZN,AMAZON COM INC,,AMZN,454110,Q,A,R,15473,20733,3,7370,02313510,,,,,,,,0,,,,,,,,,,,,,,1,6,78,17,37.45000,42.96000,40.34000,1471475,0.059071,40.34000,40.35000,411923,1,1,40.34000,,20061130,0.059071,0.023736,0.021374,0.031168,0.029505,0.016467
84788,20061229,,11,3,7370,02313510,AMZN,AMAZON COM INC,,AMZN,454110,Q,A,R,15473,20733,3,7370,02313510,,,,,,,,0,,,,,,,,,20070211,,,,,1,6,76,17,38.12000,40.29000,39.46000,1218775,-0.021815,39.46000,39.47000,414000,1,1,39.46000,,20061229,-0.021815,0.010857,0.009154,0.014799,0.012584,0.012616
84788,20070131,,11,3,7370,02313510,AMZN,AMAZON COM INC,,AMZN,454110,Q,A,R,15473,20733,3,7370,02313510,,,,,,,,0,,,,,,,,,,,,,,1,6,74,17,36.43000,38.90000,37.67000,1306299,-0.045362,37.68000,37.68000,414000,1,1,37.67000,,20070131,-0.045362,0.019387,0.018452,0.022283,0.021357,0.014059
84788,20070228,,11,3,7370,02313510,AMZN,AMAZON COM INC,,AMZN,454110,Q,A,R,15473,20733,3,7370,02313510,,,,,,,,0,,,,,,,,,20070329,,,,,1,6,76,17,37.16000,41.51000,39.14000,1590461,0.039023,39.19000,39.21000,414679,1,1,39.14000,,20070228,0.039023,-0.014006,-0.015996,0.002111,0.000857,-0.021846
84788,20070330,,11,3,7370,02313510,AMZN,AMAZON COM INC,,AMZN,454110,Q,A,R,15473,20733,3,7370,02313510,,,,,,,,0,,,,,,,,,20070416,,,,,1,6,76,17,37.05000,39.81000,39.79000,1422737,0.016607,39.77000,39.79000,409000,1,1,39.79000,,20070330,0.016607,0.012954,0.011479,0.006545,0.004805,0.009980
84788,20070430,,11,3,7370,02313510,AMZN,AMAZON COM INC,,AMZN,454110,Q,A,R,15473,20733,3,7370,02313510,,,,,,,,0,,,,,,,,,20070628,,,,,1,6,75,17,40.42000,62.78100,61.33000,3494841,0.541342,61.29000,61.34000,409698,1,1,61.33000,,20070430,0.541342,0.039834,0.038470,0.027048,0.025772,0.043291
84788,20070531,,11,3,7370,02313510,AMZN,AMAZON COM INC,,AMZN,454110,Q,A,R,15473,20733,3,7370,02313510,,,,,,,,0,,,,,,,,,,,,,,1,6,74,17,60.58000,69.86000,69.14000,3176083,0.127344,69.09000,69.14000,409698,1,1,69.14000,,20070531,0.127344,0.038953,0.036666,0.023123,0.021362,0.032549
84788,20070629,,11,3,7370,02313510,AMZN,AMAZON COM INC,,AMZN,454110,Q,A,R,15473,20733,3,7370,02313510,,,,,,,,0,,,,,,,,,20070718,,,,,1,6,73,17,67.48000,73.65000,68.41000,2398896,-0.010558,68.41000,68.44000,413000,1,1,68.41000,,20070629,-0.010558,-0.014747,-0.016110,-0.007907,-0.009857,-0.017816
84788,20070731,,11,3,7370,02313510,AMZN,AMAZON COM INC,,AMZN,454110,Q,A,R,15473,20733,3,7370,02313510,,,,,,,,0,,,,,,,,,20070927,,,,,1,6,76,17,68.73000,86.17990,78.54000,2662588,0.148078,78.49000,78.55000,413399,1,1,78.54000,,20070731,0.148078,-0.031790,-0.032792,-0.043537,-0.044642,-0.031982
84788,20070831,,11,3,7370,02313510,AMZN,AMAZON COM INC,,AMZN,454110,Q,A,R,15473,20733,3,7370,02313510,,,,,,,,0,,,,,,,,,,,,,,1,6,74,17,72.38000,79.91000,79.91000,1758104,0.017443,79.79000,79.87000,413399,1,1,79.91000,,20070831,0.017443,0.011593,0.009641,-0.011712,-0.013287,0.012864
84788,20070928,,11,3,7370,02313510,AMZN,AMAZON COM INC,,AMZN,454110,Q,A,R,15473,20733,3,7370,02313510,,,,,,,,0,,,,,,,,,20071016,,,,,1,6,72,17,82.70000,93.47990,93.15000,1223074,0.165686,93.15000,93.16000,415000,1,1,93.15000,,20070928,0.165686,0.040822,0.039306,0.025364,0.023661,0.035794
84788,20071031,,11,3,7370,02313510,AMZN,AMAZON COM INC,,AMZN,454110,Q,A,R,15473,20733,3,7370,02313510,,,,,,,,0,,,,,,,,,20071230,,,,,1,6,73,1,88.21000,100.82000,89.15000,2317527,-0.042941,89.08000,89.15000,415177,1,1,89.15000,,20071031,-0.042941,0.025910,0.024770,0.017406,0.016144,0.014822
84788,20071130,,11,3,7370,02313510,AMZN,AMAZON COM INC,,AMZN,454110,Q,A,R,15473,20733,3,7370,02313510,,,,,,,,0,,,,,,,,,,,,,,1,6,71,72,77.00000,90.56000,90.56000,1807344,0.015816,90.48000,90.54000,415177,1,1,90.56000,,20071130,0.015816,-0.049362,-0.051309,-0.076621,-0.078123,-0.044043
84788,20071231,,11,3,7370,02313510,AMZN,AMAZON COM INC,,AMZN,454110,Q,A,R,15473,20733,3,7370,02313510,,,,,,,,0,,,,,,,,,20080131,,,,,1,6,70,72,85.09000,94.45000,92.64000,1267112,0.022968,92.64000,92.75000,416000,1,1,92.64000,,20071231,0.022968,-0.004405,-0.006493,-0.011018,-0.014312,-0.008628
84788,20080131,,11,3,7370,02313510,AMZN,AMAZON COM INC,,AMZN,454110,Q,A,R,15473,20733,3,7370,02313510,,,,,,,,0,,,,,,,,,,,,,,1,6,69,72,73.95000,96.25000,77.70000,2887044,-0.161269,77.58000,77.63000,416000,1,1,77.70000,,20080131,-0.161269,-0.062218,-0.063321,-0.045066,-0.046160,-0.061163
84788,20080229,,11,3,7370,02313510,AMZN,AMAZON COM INC,,AMZN,454110,Q,A,R,15473,20733,3,7370,02313510,,,,,,,,0,,,,,,,,,20080330,,,,,1,6,70,72,64.47000,77.73000,64.47000,2112514,-0.170270,64.51000,64.55000,417212,1,1,64.47000,,20080229,-0.170270,-0.021697,-0.023636,-0.021401,-0.022916,-0.034761
84788,20080331,,11,3,7370,02313510,AMZN,AMAZON COM INC,,AMZN,454110,Q,A,R,15473,20733,3,7370,02313510,,,,,,,,0,,,,,,,,,20080417,,,,,1,6,71,72,62.43000,75.95000,71.30000,1932182,0.105941,71.30000,71.31000,417000,1,1,71.30000,,20080331,0.105941,-0.010444,-0.012186,-0.025309,-0.027567,-0.005960
84788,20080430,,11,3,7370,02313510,AMZN,AMAZON COM INC,,AMZN,454110,Q,A,R,15473,20733,3,7370,02313510,,,,,,,,0,,,,,,,,,20080629,,,,,1,6,69,72,71.99000,81.97000,78.63000,1979034,0.102805,78.66000,78.76000,417680,1,1,78.63000,,20080430,0.102805,0.051199,0.049876,0.031907,0.030490,0.047547
84788,20080530,,11,3,7370,02313510,AMZN,AMAZON COM INC,,AMZN,454110,Q,A,R,15473,20733,3,7370,02313510,,,,,,,,0,,,,,,,,,,,,,,1,6,67,72,72.41000,82.29000,81.62000,1529391,0.038026,81.53000,81.61000,417680,1,1,81.62000,,20080530,0.038026,0.023935,0.021621,0.031787,0.029774,0.010674
84788,20080630,,11,3,7370,02313510,AMZN,AMAZON COM INC,,AMZN,454110,Q,A,R,15473,20733,3,7370,02313510,,,,,,,,0,,,,,,,,,20080716,,,,,1,6,68,72,73.33000,84.51000,73.33000,1533312,-0.101568,73.26000,73.31000,426000,1,1,73.33000,,20080630,-0.101568,-0.078436,-0.080249,-0.086586,-0.088706,-0.085962
84788,20080731,,11,3,7370,02313510,AMZN,AMAZON COM INC,,AMZN,454110,Q,A,R,15473,20733,3,7370,02313510,,,,,,,,0,,,,,,,,,20080929,,,,,1,6,69,72,66.28000,78.72000,76.34000,2158736,0.041047,76.34000,76.38000,425921,1,1,76.34000,,20080731,0.041047,-0.013413,-0.014760,-0.001295,-0.002657,-0.009859
84788,20080829,,11,3,7370,02313510,AMZN,AMAZON COM INC,,AMZN,454110,Q,A,R,15473,20733,3,7370,02313510,,,,,,,,0,,,,,,,,,,,,,,1,6,68,72,75.71000,88.09000,80.81000,1491269,0.058554,80.81000,80.88000,425921,1,1,80.81000,,20080829,0.058554,0.010597,0.008608,0.013023,0.011122,0.012191
84788,20080930,,11,3,7370,02313510,AMZN,AMAZON COM INC,,AMZN,454110,Q,A,R,15473,20733,3,7370,02313510,,,,,,,,0,,,,,,,,,20081015,,,,,1,6,68,72,63.35000,81.41000,72.76000,1925654,-0.099616,72.74000,72.76000,429000,1,1,72.76000,,20080930,-0.099616,-0.098172,-0.099959,-0.120112,-0.122208,-0.090791
84788,20081031,,11,3,7370,02313510,AMZN,AMAZON COM INC,,AMZN,454110,Q,A,R,15473,20733,3,7370,02313510,,,,,,,,0,,,,,,,,,20081230,,,,,1,6,67,72,48.72000,69.58000,57.24000,3321823,-0.213304,57.23000,57.24000,428832,1,1,57.24000,,20081031,-0.213304,-0.184838,-0.186323,-0.205222,-0.206835,-0.169425
84788,20081128,,11,3,7370,02313510,AMZN,AMAZON COM INC,,AMZN,454110,Q,A,R,15473,20733,3,7370,02313510,,,,,,,,0,,,,,,,,,,,,,,1,6,65,72,35.03000,58.45000,42.70000,2284628,-0.254018,42.63000,42.66000,428832,1,1,42.70000,,20081128,-0.254018,-0.084686,-0.087425,-0.130320,-0.132591,-0.074849
84788,20081231,,11,3,7370,02313510,AMZN,AMAZON COM INC,,AMZN,454110,Q,A,R,15473,20733,3,7370,02313510,,,,,,,,0,,,,,,,,,20090121,,,,,1,6,68,72,40.47000,53.18000,51.28000,2076171,0.200937,51.22000,51.32000,428000,1,1,51.28000,,20081231,0.200937,0.022231,0.019164,0.042176,0.037024,0.007822
84788,20090130,,11,3,7370,02313510,AMZN,AMAZON COM INC,,AMZN,454110,Q,A,R,15473,20733,3,7370,02313510,,,,,,,,0,,,,,,,,,20090226,,,,,1,6,72,72,48.44000,58.82000,58.82000,2057604,0.147036,58.82000,58.83000,428583,1,1,58.82000,,20090130,0.147036,-0.077475,-0.078867,-0.024042,-0.025384,-0.085657
84788,20090227,,11,3,7370,02313510,AMZN,AMAZON COM INC,,AMZN,454110,Q,A,R,15473,20733,3,7370,02313510,,,,,,,,0,,,,,,,,,20090330,,,,,1,6,71,72,61.06000,66.71000,64.79000,1925776,0.101496,64.56000,64.75000,429120,1,1,64.79000,,20090227,0.101496,-0.100175,-0.103362,-0.107606,-0.109708,-0.109931
84788,20090331,,11,3,7370,02313510,AMZN,AMAZON COM INC,,AMZN,454110,Q,A,R,15473,20733,3,7370,02313510,,,,,,,,0,,,,,,,,,20090416,,,,,1,6,69,72,60.49000,75.58000,73.44000,2347823,0.133508,73.41000,73.43000,429000,1,1,73.44000,,20090331,0.133508,0.086813,0.083558,0.107474,0.104391,0.085405
84788,20090430,,11,3,7370,02313510,AMZN,AMAZON COM INC,,AMZN,454110,Q,A,R,15473,20733,3,7370,02313510,,,,,,,,0,,,,,,,,,20090629,,,,,1,6,69,72,73.50000,84.46000,80.52000,1913170,0.096405,80.50000,80.52000,429648,1,1,80.52000,,20090430,0.096405,0.109483,0.107649,0.192762,0.190929,0.093925
84788,20090529,,11,3,7370,02313510,AMZN,AMAZON COM INC,,AMZN,454110,Q,A,R,15473,20733,3,7370,02313510,,,,,,,,0,,,,,,,,,,,,,,1,6,69,72,73.60000,81.99000,77.99000,1428518,-0.031421,77.82000,77.99000,429648,1,1,77.99000,,20090529,-0.031421,0.067797,0.065147,0.102330,0.100210,0.053081
84788,20090630,,11,3,7370,02313510,AMZN,AMAZON COM INC,,AMZN,454110,Q,A,R,15473,20733,3,7370,02313510,,,,,,,,0,,,,,,,,,20090716,,,,,1,6,69,72,77.68000,87.56000,83.66000,1572317,0.072702,83.70000,83.71000,432000,1,1,83.66000,,20090630,0.072702,-0.003020,-0.004963,0.023921,0.021352,0.000196
84788,20090731,,11,3,7370,02313510,AMZN,AMAZON COM INC,,AMZN,454110,Q,A,R,15473,20733,3,7370,02313510,,,,,,,,0,,,,,,,,,20090929,,,,,1,6,69,72,75.63000,93.87000,85.76000,1811170,0.025102,85.77000,85.83000,431807,1,1,85.76000,,20090731,0.025102,0.081792,0.080374,0.085217,0.083763,0.074142
84788,20090831,,11,3,7370,02313510,AMZN,AMAZON COM INC,,AMZN,454110,Q,A,R,15473,20733,3,7370,02313510,,,,,,,,,,,,,,,,,,,,,,,,,,81.06000,87.44000,81.19000,1175405,-0.053288,81.19000,81.23000,431807,1,1,81.19000,,20090831,-0.053288,0.031514,0.029356,0.056864,0.055310,0.033560
84788,20090930,,11,3,7370,02313510,AMZN,AMAZON COM INC,,AMZN,454110,Q,A,R,15473,20733,3,7370,02313510,,,,,,,,0,,,,,,,,,20091018,,,,,1,6,70,72,78.14000,93.75000,93.36000,1335885,0.149895,93.19000,93.37000,433000,1,1,93.36000,,20090930,0.149895,0.045288,0.043651,0.071255,0.069383,0.035723
84788,20091030,,11,3,7370,02313510,AMZN,AMAZON COM INC,,AMZN,454110,Q,A,R,15473,20733,3,7370,02313510,,,,,,,,0,,,,,,,,,20091230,,,,,1,6,69,72,88.67000,124.63990,118.81000,2762898,0.272601,118.78000,118.84000,432983,1,1,118.81000,,20091030,0.272601,-0.028079,-0.029333,-0.050612,-0.051739,-0.019762
84788,20091130,,11,3,7370,02313510,AMZN,AMAZON COM INC,,AMZN,454110,Q,A,R,15473,20733,3,7370,02313510,,,,,,,,0,,,,,,,,,,,,,,1,6,71,72,117.10000,135.91000,135.91000,1664104,0.143927,135.89999,135.91000,432983,1,1,135.91000,,20091130,0.143927,0.057086,0.054630,0.028476,0.026485,0.057364
84788,20091231,,11,3,7370,02313510,AMZN,AMAZON COM INC,,AMZN,454110,Q,A,R,15473,20733,3,7370,02313510,,,,,,,,0,,,,,,,,,20100121,,,,,1,6,70,72,126.91000,142.25000,134.52000,2141367,-0.010227,134.52000,134.64000,444000,1,1,134.52000,,20091231,-0.010227,0.028486,0.026461,0.055001,0.051972,0.017771
84788,20100129,,11,3,7370,02313510,AMZN,AMAZON COM INC,,AMZN,454110,Q,A,R,15473,20733,3,7370,02313510,,,,,,,,0,,,,,,,,,20100224,,,,,1,6,70,72,119.48000,134.69000,125.41000,2379285,-0.067722,125.25000,125.32000,444546,1,1,125.41000,,20100129,-0.067722,-0.037186,-0.038198,-0.011388,-0.012292,-0.036974
84788,20100226,,11,3,7370,02313510,AMZN,AMAZON COM INC,,AMZN,454110,Q,A,R,15473,20733,3,7370,02313510,,,,,,,,0,,,,,,,,,20100330,,,,,1,6,68,72,115.94000,120.09000,118.40000,2155519,-0.055897,118.27000,118.37000,445226,1,1,118.40000,,20100226,-0.055897,0.034754,0.032667,0.033603,0.032232,0.028514
84788,20100331,,11,3,7370,02313510,AMZN,AMAZON COM INC,,AMZN,454110,Q,A,R,15473,20733,3,7370,02313510,,,,,,,,0,,,,,,,,,20100415,,,,,1,6,67,72,124.54000,136.57899,135.77000,1631461,0.146706,135.73000,135.78999,446000,1,1,135.77000,,20100331,0.146706,0.063688,0.062005,0.069289,0.067252,0.058796
84788,20100430,,11,3,7370,02313510,AMZN,AMAZON COM INC,,AMZN,454110,Q,A,R,15473,20733,3,7370,02313510,,,,,,,,0,,,,,,,,,20100629,,,,,1,6,68,72,131.49001,150.09000,137.10001,1789496,0.009796,137.11000,137.12000,445672,1,1,137.10001,,20100430,0.009796,0.020039,0.018928,0.057843,0.056698,0.014759
84788,20100528,,11,3,7370,02313510,AMZN,AMAZON COM INC,,AMZN,454110,Q,A,R,15473,20733,3,7370,02313510,,,,,,,,0,,,,,,,,,,,,,,1,6,69,72,119.71000,137.49001,125.46000,1464113,-0.084902,125.26000,125.46000,445672,1,1,125.46000,,20100528,-0.084902,-0.079267,-0.081355,-0.076929,-0.078435,-0.081976
84788,20100630,,11,3,7370,02313510,AMZN,AMAZON COM INC,,AMZN,454110,Q,A,R,15473,20733,3,7370,02313510,,,,,,,,0,,,,,,,,,20100714,,,,,1,6,70,72,108.61000,128.75999,109.26000,1389985,-0.129125,109.26000,109.34000,448000,1,1,109.26000,,20100630,-0.129125,-0.050802,-0.052542,-0.056799,-0.058868,-0.053882
84788,20100730,,11,3,7370,02313510,AMZN,AMAZON COM INC,,AMZN,454110,Q,A,R,15473,20733,3,7370,02313510,,,,,,,,0,,,,,,,,,20100929,,,,,1,6,71,72,109.14000,123.65000,117.89000,1811887,0.078986,117.89000,117.97000,447825,1,1,117.89000,,20100730,0.078986,0.070384,0.068688,0.059940,0.058682,0.068778
84788,20100831,,11,3,7370,02313510,AMZN,AMAZON COM INC,,AMZN,454110,Q,A,R,15473,20733,3,7370,02313510,,,,,,,,,,,,,,,,,,,,,,,,,,120.07000,130.00000,124.83000,1181509,0.058868,124.86000,124.87000,447825,1,1,124.83000,,20100831,0.058868,-0.042887,-0.045012,-0.047566,-0.049083,-0.047449
84788,20100930,,11,3,7370,02313510,AMZN,AMAZON COM INC,,AMZN,454110,Q,A,R,15473,20733,3,7370,02313510,,,,,,,,0,,,,,,,,,20101013,,,,,1,6,72,72,132.49001,160.73000,157.06000,1397664,0.258191,157.03999,157.06000,449000,1,1,157.06000,,20100930,0.258191,0.091669,0.089789,0.096418,0.094485,0.087551
84788,20101029,,11,3,7370,02313510,AMZN,AMAZON COM INC,,AMZN,454110,Q,A,R,15473,20733,3,7370,02313510,,,,,,,,0,,,,,,,,,20101230,,,,,1,6,73,72,153.03000,169.95000,165.23000,1492499,0.052018,165.14999,165.16000,448837,1,1,165.23000,,20101029,0.052018,0.038606,0.037086,0.040681,0.039488,0.036856
84788,20101130,,11,3,7370,02313510,AMZN,AMAZON COM INC,,AMZN,454110,Q,A,R,15473,20733,3,7370,02313510,,,,,,,,0,,,,,,,,,,,,,,1,6,71,72,157.78000,179.49001,175.39999,1372950,0.061551,175.39999,175.46001,448837,1,1,175.39999,,20101130,0.061551,0.005121,0.002922,0.010736,0.008972,-0.002290
84788,20101231,,11,3,7370,02313510,AMZN,AMAZON COM INC,,AMZN,454110,Q,A,R,15473,20733,3,7370,02313510,,,,,,,,0,,,,,,,,,20110118,,,,,1,6,68,72,173.94000,184.75999,180.00000,983320,0.026226,179.91000,180.00999,451000,1,1,180.00000,,20101231,0.026226,0.067213,0.064883,0.068851,0.065469,0.065300
84788,20110131,,11,3,7370,02313510,AMZN,AMAZON COM INC,,AMZN,454110,Q,A,R,15473,20733,3,7370,02313510,,,,,,,,0,,,,,,,,,20110224,,,,,1,6,70,72,169.64000,191.25000,169.64000,1192172,-0.057556,169.64000,169.72000,451004,1,1,169.64000,,20110131,-0.057556,0.019190,0.018237,0.014412,0.013611,0.022646
84788,20110228,,11,3,7370,02313510,AMZN,AMAZON COM INC,,AMZN,454110,Q,A,R,15473,20733,3,7370,02313510,,,,,,,,0,,,,,,,,,20110330,,,,,1,6,69,1,172.11000,190.42000,173.28999,1013798,0.021516,173.24001,173.28000,451616,1,1,173.28999,,20110228,0.021516,0.038168,0.036236,0.037036,0.035725,0.031957
84788,20110331,,11,3,7370,02313510,AMZN,AMAZON COM INC,,AMZN,454110,Q,A,R,15473,20733,3,7370,02313510,,,,,,,,0,,,,,,,,,20110418,,,,,1,6,70,55,160.97000,180.13000,180.13000,1263632,0.039471,180.13000,180.14000,452000,1,1,180.13000,,20110331,0.039471,0.003343,0.001760,0.008605,0.006786,-0.001047
84788,20110429,,11,3,7370,02313510,AMZN,AMAZON COM INC,,AMZN,454110,Q,A,R,15473,20733,3,7370,02313510,,,,,,,,0,,,,,,,,,20110629,,,,,1,6,70,55,178.34000,196.63000,195.81000,1223903,0.087048,196.39999,196.41000,452043,1,1,195.81000,,20110429,0.087048,0.028602,0.027489,0.019203,0.018109,0.028495
84788,20110531,,11,3,7370,02313510,AMZN,AMAZON COM INC,,AMZN,454110,Q,A,R,15473,20733,3,7370,02313510,,,,,,,,0,,,,,,,,,,,,,,1,6,71,55,192.25999,206.07001,196.69000,1142393,0.004494,196.67999,196.69000,452043,1,1,196.69000,,20110531,0.004494,-0.014958,-0.016966,-0.018549,-0.020191,-0.013501
84788,20110630,,11,3,7370,02313510,AMZN,AMAZON COM INC,,AMZN,454110,Q,A,R,15473,20733,3,7370,02313510,,,,,,,,0,,,,,,,,,20110714,,,,,1,6,69,55,183.64999,204.49001,204.49001,1030579,0.039656,204.44000,204.49001,454000,1,1,204.49001,,20110630,0.039656,-0.018453,-0.020216,-0.024106,-0.026251,-0.018258
84788,20110729,,11,3,7370,02313510,AMZN,AMAZON COM INC,,AMZN,454110,Q,A,R,15473,20733,3,7370,02313510,,,,,,,,0,,,,,,,,,20110929,,,,,1,6,70,55,209.49001,223.89999,222.52000,987787,0.088171,222.52000,222.53000,453935,1,1,222.52000,,20110729,0.088171,-0.022550,-0.023689,-0.021813,-0.022838,-0.021474
84788,20110831,,11,3,7370,02313510,AMZN,AMAZON COM INC,,AMZN,454110,Q,A,R,15473,20733,3,7370,02313510,,,,,,,,0,,,,,,,,,,,,,,1,6,71,55,177.53999,221.32001,215.23000,1638523,-0.032761,215.14999,215.28999,453935,1,1,215.23000,,20110831,-0.032761,-0.057597,-0.059737,-0.075715,-0.077329,-0.056791
84788,20110930,,11,3,7370,02313510,AMZN,AMAZON COM INC,,AMZN,454110,Q,A,R,15473,20733,3,7370,02313510,,,,,,,,0,,,,,,,,,20111013,,,,,1,6,68,55,210.00000,241.69000,216.23000,1505178,0.004646,216.13000,216.23000,455000,1,1,216.23000,,20110930,0.004646,-0.085030,-0.086719,-0.100920,-0.102888,-0.071762
84788,20111031,,11,3,7370,02313510,AMZN,AMAZON COM INC,,AMZN,454110,Q,A,R,15473,20733,3,7370,02313510,,,,,,,,0,,,,,,,,,20111229,,,,,1,6,70,55,198.39999,246.71001,213.50999,1676436,-0.012579,213.50000,213.50999,454754,1,1,213.50999,,20111031,-0.012579,0.114215,0.112805,0.107697,0.106575,0.107723
84788,20111130,,11,3,7370,02313510,AMZN,AMAZON COM INC,,AMZN,454110,Q,A,R,15473,20733,3,7370,02313510,,,,,,,,0,,,,,,,,,,,,,,1,6,71,55,182.39900,218.92999,192.28999,1433889,-0.099386,192.28000,192.28999,454754,1,1,192.28999,,20111130,-0.099386,-0.006273,-0.008941,-0.020645,-0.022480,-0.005059
84788,20111230,,11,3,7370,02313510,AMZN,AMAZON COM INC,,AMZN,454110,Q,A,R,15473,20733,3,7370,02313510,,,,,,,,0,,,,,,,,,20120118,,,,,1,6,70,55,173.10001,197.13000,173.10001,1317124,-0.099797,173.14999,173.16000,455000,1,1,173.10001,,20111230,-0.099797,0.003671,0.001424,-0.003561,-0.007020,0.008533
84788,20120131,,11,3,7370,02313510,AMZN,AMAZON COM INC,,AMZN,454110,Q,A,R,15473,20733,3,7370,02313510,,,,,,,,0,,,,,,,,,20120216,,,,,1,6,70,55,175.92999,195.37000,194.44000,1160907,0.123281,194.50999,194.62000,455068,1,1,194.44000,,20120131,0.123281,0.054140,0.052992,0.085342,0.084432,0.043583
84788,20120229,,11,3,7370,02313510,AMZN,AMAZON COM INC,,AMZN,454110,Q,A,R,15473,20733,3,7370,02313510,,,,,,,,0,,,,,,,,,20120329,,,,,1,6,70,55,178.53000,191.59000,179.69000,1524481,-0.075859,179.57001,179.67000,451592,1,1,179.69000,,20120229,-0.075859,0.041253,0.038980,0.036494,0.035003,0.040589
84788,20120330,,11,3,7370,02313510,AMZN,AMAZON COM INC,,AMZN,454110,Q,A,R,15473,20733,3,7370,02313510,,,,,,,,0,,,,,,,,,20120412,,,,,1,6,69,55,179.30000,205.44000,202.50999,1192559,0.126996,202.52000,202.64999,450000,1,1,202.50999,,20120330,0.126996,0.024039,0.022157,0.017608,0.015303,0.031332
84788,20120430,,11,3,7370,02313510,AMZN,AMAZON COM INC,,AMZN,454110,Q,A,R,15473,20733,3,7370,02313510,,,,,,,,0,,,,,,,,,20120628,,,,,1,6,70,55,185.50000,231.89999,231.89999,1167696,0.145129,231.89999,231.91000,450526,1,1,231.89999,,20120430,0.145129,-0.006840,-0.008057,-0.009106,-0.010235,-0.007497
84788,20120531,,11,3,7370,02313510,AMZN,AMAZON COM INC,,AMZN,454110,Q,A,R,15473,20733,3,7370,02313510,,,,,,,,0,,,,,,,,,,,,,,1,6,69,55,209.23000,230.25000,212.91000,978741,-0.081889,212.75000,212.89000,450526,1,1,212.91000,,20120531,-0.081889,-0.065641,-0.068056,-0.068418,-0.070388,-0.062651
84788,20120629,,11,3,7370,02313510,AMZN,AMAZON COM INC,,AMZN,454110,Q,A,R,15473,20733,3,7370,02313510,,,,,,,,0,,,,,,,,,20120712,,,,,1,6,68,55,208.22000,228.35001,228.35001,694167,0.072519,228.34000,228.35001,452000,1,1,228.35001,,20120629,0.072519,0.038181,0.036079,0.034188,0.031622,0.039555
84788,20120731,,11,3,7370,02313510,AMZN,AMAZON COM INC,,AMZN,454110,Q,A,R,15473,20733,3,7370,02313510,,,,,,,,0,,,,,,,,,20120927,,,,,1,6,66,55,215.36000,237.32001,233.30000,811847,0.021677,233.25000,233.25999,452065,1,1,233.30000,,20120731,0.021677,0.010306,0.009054,-0.003281,-0.004484,0.012598
84788,20120831,,11,3,7370,02313510,AMZN,AMAZON COM INC,,AMZN,454110,Q,A,R,15473,20733,3,7370,02313510,,,,,,,,0,,,,,,,,,,,,,,1,6,65,55,230.81000,248.27000,248.27000,632852,0.064166,248.23000,248.28999,452065,1,1,248.27000,,20120831,0.064166,0.026337,0.023737,0.024820,0.022964,0.019763
84788,20120928,,11,3,7370,02313510,AMZN,AMAZON COM INC,,AMZN,454110,Q,A,R,15473,20733,3,7370,02313510,,,,,,,,0,,,,,,,,,20121011,,,,,1,6,66,55,246.22000,261.67999,254.32001,669884,0.024369,254.32001,254.49001,453000,1,1,254.32001,,20120928,0.024369,0.026532,0.024583,0.034925,0.032690,0.024236
84788,20121031,,11,3,7370,02313510,AMZN,AMAZON COM INC,,AMZN,454110,Q,A,R,15473,20733,3,7370,02313510,,,,,,,,0,,,,,,,,,20121230,,,,,1,6,63,55,222.92000,260.47000,232.89310,854023,-0.084252,233.00999,233.08000,452959,1,1,232.89310,,20121031,-0.084252,-0.014064,-0.015511,-0.013477,-0.014781,-0.019789
84788,20121130,,11,3,7370,02313510,AMZN,AMAZON COM INC,,AMZN,454110,Q,A,R,15473,20733,3,7370,02313510,,,,,,,,0,,,,,,,,,,,,,,1,6,64,55,220.59900,252.05000,252.05000,648892,0.082256,251.92000,252.05000,452959,1,1,252.05000,,20121130,0.082256,0.006219,0.002978,0.002790,0.000142,0.002847
84788,20121231,,11,3,7370,02313510,AMZN,AMAZON COM INC,,AMZN,454110,Q,A,R,15473,20733,3,7370,02313510,,,,,,,,0,,,,,,,,,20130117,,,,,1,6,65,55,245.17999,261.50000,250.87000,622229,-0.004682,251.27000,251.28000,454000,1,1,250.87000,,20121231,-0.004682,0.012580,0.009031,0.021872,0.016406,0.007068
84788,20130131,,11,3,7370,02313510,AMZN,AMAZON COM INC,,AMZN,454110,Q,A,R,15473,20733,3,7370,02313510,,,,,,,,0,,,,,,,,,20130221,,,,,1,6,66,55,257.31000,283.98999,265.50000,886216,0.058317,265.50000,265.56000,454551,1,1,265.50000,,20130131,0.058317,0.054189,0.052983,0.063509,0.062680,0.050428
84788,20130228,,11,3,7370,02313510,AMZN,AMAZON COM INC,,AMZN,454110,Q,A,R,15473,20733,3,7370,02313510,,,,,,,,0,,,,,,,,,20130327,,,,,1,6,64,55,257.20999,269.75000,264.26999,721653,-0.004633,264.13000,264.17001,454967,1,1,264.26999,,20130228,-0.004633,0.008284,0.006081,0.003491,0.002051,0.011061
84788,20130328,,11,3,7370,02313510,AMZN,AMAZON COM INC,,AMZN,454110,Q,A,R,15473,20733,3,7370,02313510,,,,,,,,0,,,,,,,,,20130411,,,,,1,6,63,55,253.39000,275.59000,266.48999,622783,0.008401,266.39999,266.48001,455000,1,1,266.48999,,20130328,0.008401,0.035320,0.033552,0.031419,0.029529,0.035988
84788,20130430,,11,3,7370,02313510,AMZN,AMAZON COM INC,,AMZN,454110,Q,A,R,15473,20733,3,7370,02313510,,,,,,,,0,,,,,,,,,20130627,,,,,1,6,63,55,249.74001,274.70001,253.81000,822621,-0.047581,253.78999,253.80000,455243,1,1,253.81000,,20130430,-0.047581,0.014942,0.013768,0.002477,0.001376,0.018086
84788,20130531,,11,3,7370,02313510,AMZN,AMAZON COM INC,,AMZN,454110,Q,A,R,15473,20733,3,7370,02313510,,,,,,,,0,,,,,,,,,,,,,,1,6,64,55,248.23000,269.89999,269.20001,629395,0.060636,269.00000,269.04001,455243,1,1,269.20001,,20130531,0.060636,0.019155,0.016594,0.023985,0.022131,0.020763
84788,20130628,,11,3,7370,02313510,AMZN,AMAZON COM INC,,AMZN,454110,Q,A,R,15473,20733,3,7370,02313510,,,,,,,,0,,,,,,,,,20130711,,,,,1,6,63,55,265.70001,281.76001,277.69000,625412,0.031538,277.69000,277.70001,457000,1,1,277.69000,,20130628,0.031538,-0.015071,-0.017088,-0.013012,-0.015631,-0.014999
84788,20130731,,11,3,7370,02313510,AMZN,AMAZON COM INC,,AMZN,454110,Q,A,R,15473,20733,3,7370,02313510,,,,,,,,0,,,,,,,,,20130929,,,,,1,6,61,55,282.10001,312.01001,301.22000,712775,0.084735,301.26001,301.26999,456884,1,1,301.22000,,20130731,0.084735,0.052690,0.051255,0.054898,0.053720,0.049462
84788,20130830,,11,3,7370,02313510,AMZN,AMAZON COM INC,,AMZN,454110,Q,A,R,15473,20733,3,7370,02313510,,,,,,,,0,,,,,,,,,,,,,,1,6,61,55,280.92999,305.57001,280.98001,463909,-0.067193,280.82999,280.98999,456884,1,1,280.98001,,20130830,-0.067193,-0.025761,-0.027938,-0.017278,-0.019029,-0.031298
84788,20130930,,11,3,7370,02313510,AMZN,AMAZON COM INC,,AMZN,454110,Q,A,R,15473,20733,3,7370,02313510,,,,,,,,0,,,,,,,,,20131010,,,,,1,6,64,55,288.79999,318.12000,312.64001,464037,0.112677,312.63000,312.84000,458000,1,1,312.64001,,20130930,0.112677,0.037514,0.035716,0.051828,0.049754,0.029749
84788,20131031,,11,3,7370,02313510,AMZN,AMAZON COM INC,,AMZN,454110,Q,A,R,15473,20733,3,7370,02313510,,,,,,,,0,,,,,,,,,20131230,,,,,1,6,64,55,298.23001,364.03000,364.03000,823283,0.164374,364.01001,364.04999,457734,1,1,364.03000,,20131031,0.164374,0.039908,0.038623,0.025762,0.024591,0.044596
84788,20131129,,11,3,7370,02313510,AMZN,AMAZON COM INC,,AMZN,454110,Q,A,R,15473,20733,3,7370,02313510,,,,,,,,0,,,,,,,,,,,,,,1,6,62,55,343.56000,393.62000,393.62000,576040,0.081285,393.62000,393.73999,457734,1,1,393.62000,,20131129,0.081285,0.024973,0.022848,0.023398,0.021660,0.028049
84788,20131231,,11,3,7370,02313510,AMZN,AMAZON COM INC,,AMZN,454110,Q,A,R,15473,20733,3,7370,02313510,,,,,,,,0,,,,,,,,,20140114,,,,,1,6,62,55,381.25000,404.39001,398.79001,562732,0.013135,398.28000,398.82999,459000,1,1,398.79001,,20131231,0.013135,0.026160,0.024103,0.025242,0.022010,0.023563
84788,20140131,20200318,11,3,7370,02313510,AMZN,AMAZON COM INC,,AMZN,454113,Q,A,R,15473,20733,3,7370,02313510,,,,,,,,0,,,,,,,,,20140220,,,,,1,6,63,55,358.69000,407.04999,358.69000,811011,-0.100554,358.54001,358.62000,459265,1,1,358.69000,,20140131,-0.100554,-0.030047,-0.031152,-0.001282,-0.002254,-0.035583
84788,20140228,,11,3,7370,02313510,AMZN,AMAZON COM INC,,AMZN,454113,Q,A,R,15473,20733,3,7370,02313510,,,,,,,,0,,,,,,,,,20140330,,,,,1,6,63,55,346.14999,362.10001,362.10001,831240,0.009507,361.91000,362.10001,459894,1,1,362.10001,,20140228,0.009507,0.046225,0.043990,0.044257,0.042687,0.043117
84788,20140331,,11,3,7370,02313510,AMZN,AMAZON COM INC,,AMZN,454113,Q,A,R,15473,20733,3,7370,02313510,,,,,,,,0,,,,,,,,,20140415,,,,,1,6,62,55,336.36499,378.76999,336.36499,753679,-0.071072,336.35999,336.51999,460000,1,1,336.36499,,20140331,-0.071072,0.004544,0.002823,0.001028,-0.001095,0.006932
84788,20140430,,11,3,7370,02313510,AMZN,AMAZON COM INC,,AMZN,454113,Q,A,R,15473,20733,3,7370,02313510,,,,,,,,0,,,,,,,,,20140629,,,,,1,6,62,55,296.57999,342.98999,304.13000,1383566,-0.095833,303.91000,304.16000,460167,1,1,304.13000,,20140430,-0.095833,0.001569,0.000406,-0.022319,-0.023436,0.006201
84788,20140530,,11,3,7370,02313510,AMZN,AMAZON COM INC,,AMZN,454113,Q,A,R,15473,20733,3,7370,02313510,,,,,,,,0,,,,,,,,,,,,,,1,6,62,55,288.32001,313.78000,312.54999,788313,0.027685,312.42999,312.54999,460167,1,1,312.54999,,20140530,0.027685,0.020260,0.018052,0.006647,0.004858,0.021030
84788,20140630,,11,3,7370,02313510,AMZN,AMAZON COM INC,,AMZN,454113,Q,A,R,15473,20733,3,7370,02313510,,,,,,,,0,,,,,,,,,20140715,,,,,1,6,61,55,306.78000,335.20001,324.78000,768726,0.039130,324.78000,324.79001,462000,1,1,324.78000,,20140630,0.039130,0.027991,0.026004,0.039501,0.037053,0.019058
84788,20140731,,11,3,7370,02313510,AMZN,AMAZON COM INC,,AMZN,454113,Q,A,R,15473,20733,3,7370,02313510,,,,,,,,0,,,,,,,,,20140929,,,,,1,6,60,55,312.98999,360.84000,312.98999,994989,-0.036302,312.98999,313.00000,462036,1,1,312.98999,,20140731,-0.036302,-0.020568,-0.021861,-0.035236,-0.036424,-0.015080
84788,20140829,,11,3,7370,02313510,AMZN,AMAZON COM INC,,AMZN,454113,Q,A,R,15473,20733,3,7370,02313510,,,,,,,,,,,,,,,,,,,,,,,,,,307.06000,343.17999,339.04001,620794,0.083230,339.01999,339.04001,462036,1,1,339.04001,,20140829,0.083230,0.040226,0.038223,0.033707,0.032165,0.037655
84788,20140930,,11,3,7370,02313510,AMZN,AMAZON COM INC,,AMZN,454113,Q,A,R,15473,20733,3,7370,02313510,,,,,,,,0,,,,,,,,,20141014,,,,,1,6,60,55,321.82001,346.38000,322.44000,681127,-0.048962,322.44000,322.45001,463000,1,1,322.44000,,20140930,-0.048962,-0.025208,-0.026906,-0.044988,-0.046891,-0.015514
84788,20141031,,11,3,7370,02313510,AMZN,AMAZON COM INC,,AMZN,454113,Q,A,R,15473,20733,3,7370,02313510,,,,,,,,0,,,,,,,,,20141230,,,,,1,6,61,1,287.06000,322.73999,305.45999,1112257,-0.052661,305.45001,305.45999,463006,1,1,305.45999,,20141031,-0.052661,0.021172,0.019925,0.014177,0.012933,0.023201
84788,20141128,,11,3,7370,02313510,AMZN,AMAZON COM INC,,AMZN,454113,Q,A,R,15473,20733,3,7370,02313510,,,,,,,,0,,,,,,,,,,,,,,1,6,62,1,296.51999,338.64001,338.64001,689940,0.108623,338.64001,338.79001,463006,1,1,338.64001,,20141128,0.108623,0.021114,0.018948,-0.002458,-0.004156,0.024534
84788,20141231,,11,3,7370,02313510,AMZN,AMAZON COM INC,,AMZN,454113,Q,A,R,15473,20733,3,7370,02313510,,,,,,,,0,,,,,,,,,20150115,,,,,1,6,61,1,295.06000,326.31000,310.35001,869005,-0.083540,310.35001,310.35999,464384,1,1,310.35001,,20141231,-0.083540,-0.003661,-0.005799,-0.000181,-0.003554,-0.004189
84788,20150130,,11,3,7370,02313510,AMZN,AMAZON COM INC,,AMZN,454113,Q,A,R,15473,20733,3,7370,02313510,,,,,,,,0,,,,,,,,,20150219,,,,,1,6,62,1,286.95001,354.53000,354.53000,1031093,0.142355,354.53000,354.56000,464384,1,1,354.53000,,20150130,0.142355,-0.027207,-0.028278,-0.019077,-0.020098,-0.031041
84788,20150227,,11,3,7370,02313510,AMZN,AMAZON COM INC,,AMZN,454113,Q,A,R,15473,20733,3,7370,02313510,,,,,,,,0,,,,,,,,,20150330,,,,,1,6,59,1,363.54999,385.37000,380.16000,708518,0.072293,380.26001,380.26999,465393,1,1,380.16000,,20150227,0.072293,0.055999,0.053662,0.054161,0.052534,0.054893
84788,20150331,,11,3,7370,02313510,AMZN,AMAZON COM INC,,AMZN,454113,Q,A,R,15473,20733,3,7370,02313510,,,,,,,,0,,,,,,,,,20150414,,,,,1,6,59,1,366.37000,387.82999,372.10001,555089,-0.021202,372.10001,372.12000,466000,1,1,372.10001,,20150331,-0.021202,-0.010410,-0.012224,-0.005110,-0.007202,-0.017396
84788,20150430,,11,3,7370,02313510,AMZN,AMAZON COM INC,,AMZN,454113,Q,A,R,15473,20733,3,7370,02313510,,,,,,,,0,,,,,,,,,20150629,,,,,1,6,60,1,370.25500,445.10001,421.78000,844127,0.133512,421.67999,421.79001,465681,1,1,421.78000,,20150430,0.133512,0.008776,0.007629,0.015129,0.013992,0.008521
84788,20150529,,11,3,7370,02313510,AMZN,AMAZON COM INC,,AMZN,454113,Q,A,R,15473,20733,3,7370,02313510,,,,,,,,0,,,,,,,,,,,,,,1,6,60,1,419.10001,433.69000,429.23001,519909,0.017663,429.23001,429.29001,465681,1,1,429.23001,,20150529,0.017663,0.010269,0.008107,0.003983,0.002334,0.010491
84788,20150630,,11,3,7370,02313510,AMZN,AMAZON COM INC,,AMZN,454113,Q,A,R,15473,20733,3,7370,02313510,,,,,,,,0,,,,,,,,,20150714,,,,,1,6,61,1,423.50000,445.98999,434.09000,550218,0.011323,434.04001,434.39001,468000,1,1,434.09000,,20150630,0.011323,-0.019272,-0.021211,-0.013480,-0.015977,-0.021012
84788,20150731,,11,3,7370,02313510,AMZN,AMAZON COM INC,,AMZN,454113,Q,A,R,15473,20733,3,7370,02313510,,,,,,,,0,,,,,,,,,20150929,,,,,1,6,60,1,429.70001,536.76001,536.15002,1021489,0.235113,536.13000,537.07001,467710,1,1,536.15002,,20150731,0.235113,0.012063,0.010851,-0.027158,-0.028400,0.019742
84788,20150831,,11,3,7370,02313510,AMZN,AMAZON COM INC,,AMZN,454113,Q,A,R,15473,20733,3,7370,02313510,,,,,,,,0,,,,,,,,,,,,,,1,6,61,1,463.37000,537.01001,512.89001,829193,-0.043383,512.69000,512.90002,467710,1,1,512.89001,,20150831,-0.043383,-0.059979,-0.062045,-0.047287,-0.049301,-0.062581
84788,20150930,,11,3,7370,02313510,AMZN,AMAZON COM INC,,AMZN,454113,Q,A,R,15473,20733,3,7370,02313510,,,,,,,,0,,,,,,,,,20151013,,,,,1,6,61,1,496.07001,548.39001,511.89001,767961,-0.001950,511.50000,511.75000,469000,1,1,511.89001,,20150930,-0.001950,-0.033831,-0.035767,-0.049928,-0.052224,-0.026443
84788,20151030,,11,3,7370,02313510,AMZN,AMAZON COM INC,,AMZN,454113,Q,A,R,15473,20733,3,7370,02313510,,,,,,,,0,,,,,,,,,20151230,,,,,1,6,60,1,520.71997,626.54999,625.90002,972463,0.222724,625.89001,626.21997,468762,1,1,625.90002,,20151030,0.222724,0.074040,0.072646,0.052880,0.051521,0.082983
84788,20151130,,11,3,7370,02313510,AMZN,AMAZON COM INC,,AMZN,454113,Q,A,R,15473,20733,3,7370,02313510,,,,,,,,0,,,,,,,,,,,,,,1,6,58,1,625.31000,678.98999,664.79999,873058,0.062150,664.69000,665.28998,468762,1,1,664.79999,,20151130,0.062150,0.002426,0.000157,0.007340,0.005441,0.000505
84788,20151231,,11,3,7370,02313510,AMZN,AMAZON COM INC,,AMZN,454113,Q,A,R,15473,20733,3,7370,02313510,,,,,,,,0,,,,,,,,,20160119,,,,,1,6,59,1,640.15002,693.96997,675.89001,902288,0.016682,675.85999,675.94000,471000,1,1,675.89001,,20151231,0.016682,-0.022288,-0.024526,-0.035903,-0.039479,-0.017530
84788,20160129,,11,3,7370,02313510,AMZN,AMAZON COM INC,,AMZN,454113,Q,A,R,15473,20733,3,7370,02313510,,,,,,,,0,,,,,,,,,20160216,,,,,1,6,60,1,570.17999,636.98999,587.00000,1302119,-0.131516,585.35999,585.65002,470842,1,1,587.00000,,20160129,-0.131516,-0.057180,-0.058349,-0.074949,-0.076172,-0.050735
84788,20160229,,11,3,7370,02313510,AMZN,AMAZON COM INC,,AMZN,454113,Q,A,R,15473,20733,3,7370,02313510,,,,,,,,0,,,,,,,,,20160330,,,,,1,6,61,1,482.07001,574.81000,552.52002,1242930,-0.058739,552.51001,552.89001,470899,1,1,552.52002,,20160229,-0.058739,0.000604,-0.001818,0.005587,0.003658,-0.004128
84788,20160331,,11,3,7370,02313510,AMZN,AMAZON COM INC,,AMZN,454113,Q,A,R,15473,20733,3,7370,02313510,,,,,,,,0,,,,,,,,,20160419,,,,,1,6,61,1,552.08002,598.69000,593.64001,940262,0.074423,593.65997,593.90997,472000,1,1,593.64001,,20160331,0.074423,0.070581,0.068212,0.078190,0.075546,0.065991
84788,20160429,,11,3,7370,02313510,AMZN,AMAZON COM INC,,AMZN,454113,Q,A,R,15473,20733,3,7370,02313510,,,,,,,,0,,,,,,,,,20160629,,,,,1,6,62,1,586.14001,659.59003,659.59003,784958,0.111094,659.59003,659.62000,471828,1,1,659.59003,,20160429,0.111094,0.011737,0.010503,0.039878,0.038643,0.002699
84788,20160531,,11,3,7370,02313510,AMZN,AMAZON COM INC,,AMZN,454113,Q,A,R,15473,20733,3,7370,02313510,,,,,,,,0,,,,,,,,,,,,,,1,6,62,1,659.09003,722.78998,722.78998,906270,0.095817,722.78003,722.78998,471828,1,1,722.78998,,20160531,0.095817,0.014269,0.011855,-0.000625,-0.002410,0.015329
84788,20160630,,11,3,7370,02313510,AMZN,AMAZON COM INC,,AMZN,454113,Q,A,R,15473,20733,3,7370,02313510,,,,,,,,0,,,,,,,,,20160719,,,,,1,6,61,1,691.35999,728.23999,715.62000,746082,-0.009920,715.62000,715.96997,474000,1,1,715.62000,,20160630,-0.009920,0.002926,0.000855,0.005826,0.003017,0.000906
84788,20160729,,11,3,7370,02313510,AMZN,AMAZON COM INC,,AMZN,454113,Q,A,R,15473,20733,3,7370,02313510,,,,,,,,0,,,,,,,,,20160929,,,,,1,6,61,1,725.67999,758.81000,758.81000,686568,0.060353,758.66998,759.22998,474074,1,1,758.81000,,20160729,0.060353,0.038846,0.037599,0.049896,0.048770,0.035610
84788,20160831,,11,3,7370,02313510,AMZN,AMAZON COM INC,,AMZN,454113,Q,A,R,15473,20733,3,7370,02313510,,,,,,,,0,,,,,,,,,,,,,,1,6,61,1,754.64001,772.56000,769.15997,500139,0.013640,768.96997,769.17999,474074,1,1,769.15997,,20160831,0.013640,0.002800,0.000462,0.013063,0.011285,-0.001219
84788,20160930,,11,3,7370,02313510,AMZN,AMAZON COM INC,,AMZN,454113,Q,A,R,15473,20733,3,7370,02313510,,,,,,,,0,,,,,,,,,20161018,,,,,1,6,62,1,760.14001,837.31000,837.31000,673657,0.088603,837.12000,837.29999,475000,1,1,837.31000,,20160930,0.088603,0.003020,0.001242,0.015381,0.013400,-0.001234
84788,20161031,,11,3,7370,02313510,AMZN,AMAZON COM INC,,AMZN,454113,Q,A,R,15473,20733,3,7370,02313510,,,,,,,,0,,,,,,,,,20161229,,,,,1,6,63,1,776.32001,844.35999,789.82001,770705,-0.056717,789.79999,789.90997,475167,1,1,789.82001,,20161031,-0.056717,-0.021586,-0.022830,-0.039942,-0.041024,-0.019426
84788,20161130,,11,3,7370,02313510,AMZN,AMAZON COM INC,,AMZN,454113,Q,A,R,15473,20733,3,7370,02313510,,,,,,,,0,,,,,,,,,,,,,,1,6,63,1,719.07001,787.75000,750.57001,1100918,-0.049695,750.57001,750.75000,475167,1,1,750.57001,,20161130,-0.049695,0.040546,0.038098,0.050511,0.048697,0.034174
84788,20161230,,11,3,7370,02313510,AMZN,AMAZON COM INC,,AMZN,454113,Q,A,R,15473,20733,3,7370,02313510,,,,,,,,0,,,,,,,,,20170124,,,,,1,6,63,1,740.34003,774.34003,749.87000,736693,-0.000933,750.02002,750.40002,477000,1,1,749.87000,,20161230,-0.000933,0.018768,0.016630,0.015881,0.012400,0.018201
84788,20170131,,11,3,7370,02313510,AMZN,AMAZON COM INC,,AMZN,454113,Q,A,R,15473,20733,3,7370,02313510,,,,,,,,0,,,,,,,,,20170216,,,,,1,6,64,1,753.66998,839.15002,823.47998,707189,0.098164,823.23999,823.29999,477171,1,1,823.47998,,20170131,0.098164,0.022177,0.021153,0.025942,0.025086,0.017884
84788,20170228,,11,3,7370,02313510,AMZN,AMAZON COM INC,,AMZN,454113,Q,A,R,15473,20733,3,7370,02313510,,,,,,,,0,,,,,,,,,20170330,,,,,1,6,61,1,807.64001,856.44000,845.03998,717536,0.026182,844.87000,845.03998,477615,1,1,845.03998,,20170228,0.026182,0.032632,0.030529,0.017117,0.015543,0.037198
84788,20170331,,11,3,7370,02313510,AMZN,AMAZON COM INC,,AMZN,454113,Q,A,R,15473,20733,3,7370,02313510,,,,,,,,0,,,,,,,,,20170417,,,,,1,6,62,1,843.20001,886.53998,886.53998,607266,0.049110,886.53998,887.08002,478000,1,1,886.53998,,20170331,0.049110,0.002095,0.000225,0.006410,0.004425,-0.000389
84788,20170428,,11,3,7370,02313510,AMZN,AMAZON COM INC,,AMZN,454113,Q,A,R,15473,20733,3,7370,02313510,,,,,,,,0,,,,,,,,,20170629,,,,,1,6,62,1,884.66998,924.98999,924.98999,735435,0.043371,925.00000,925.01001,477975,1,1,924.98999,,20170428,0.043371,0.009628,0.008509,0.003691,0.002694,0.009091
84788,20170531,,11,3,7370,02313510,AMZN,AMAZON COM INC,,AMZN,454113,Q,A,R,15473,20733,3,7370,02313510,,,,,,,,0,,,,,,,,,,,,,,1,6,61,1,934.15002,996.70001,994.62000,762487,0.075276,994.62000,995.01001,477975,1,1,994.62000,,20170531,0.075276,0.009303,0.006954,-0.011327,-0.013018,0.011576
84788,20170630,,11,3,7370,02313510,AMZN,AMAZON COM INC,,AMZN,454113,Q,A,R,15473,20733,3,7370,02313510,,,,,,,,0,,,,,,,,,20170717,,,,,1,6,61,1,964.16998,1011.34003,968.00000,961813,-0.026764,967.62000,968.01001,480000,1,1,968.00000,,20170630,-0.026764,0.009551,0.007670,0.022945,0.020475,0.004814
84788,20170731,,11,3,7370,02313510,AMZN,AMAZON COM INC,,AMZN,454113,Q,A,R,15473,20733,3,7370,02313510,,,,,,,,0,,,,,,,,,20170928,,,,,1,6,62,1,953.65997,1052.80005,987.78003,788729,0.020434,987.50000,987.81000,480380,1,1,987.78003,,20170731,0.020434,0.020309,0.018925,0.009089,0.008033,0.019349
84788,20170831,,11,3,7370,02313510,AMZN,AMAZON COM INC,,AMZN,454113,Q,A,R,15473,20733,3,7370,02313510,,,,,,,,0,,,,,,,,,,,,,,1,6,63,1,945.26001,996.19000,980.59998,774232,-0.007269,980.37000,980.66998,480380,1,1,980.59998,,20170831,-0.007269,0.001575,-0.000663,-0.008740,-0.010304,0.000546
84788,20170929,,11,3,7370,02313510,AMZN,AMAZON COM INC,,AMZN,454113,Q,A,R,15473,20733,3,7370,02313510,,,,,,,,0,,,,,,,,,20171017,,,,,1,6,64,1,938.59998,999.59998,961.34998,594091,-0.019631,960.48999,960.96997,482000,1,1,961.34998,,20170929,-0.019631,0.023777,0.022171,0.046863,0.044829,0.019303
84788,20171031,,11,3,7370,02313510,AMZN,AMAZON COM INC,,AMZN,454113,Q,A,R,15473,20733,3,7370,02313510,,,,,,,,0,,,,,,,,,20180123,,,,,1,6,63,1,957.09998,1110.84998,1105.28003,833449,0.149717,1105.28003,1105.46997,481872,1,1,1105.28003,,20171031,0.149717,0.019277,0.018176,0.002217,0.001202,0.022188
84788,20171130,,11,3,7370,02313510,AMZN,AMAZON COM INC,,AMZN,454113,Q,A,R,15473,20733,3,7370,02313510,,,,,,,,0,,,,,,,,,,,,,,1,6,63,1,1094.21997,1195.82996,1176.75000,771775,0.064662,1176.57996,1176.58997,481872,1,1,1176.75000,,20171130,0.064662,0.027252,0.024926,0.020848,0.019008,0.028083
84788,20171229,,11,3,7370,02313510,AMZN,AMAZON COM INC,,AMZN,454113,Q,A,R,15473,20733,3,7370,02313510,,,,,,,,0,,,,,,,,,,,,,,1,6,62,1,1133.94995,1190.57996,1169.46997,580139,-0.006187,1169.46997,1169.54004,481872,1,1,1169.46997,,20171229,-0.006187,0.012153,0.010297,0.014234,0.011158,0.009832
84788,20180131,,11,3,7370,02313510,AMZN,AMAZON COM INC,,AMZN,454113,Q,A,R,15473,20733,3,7370,02313510,,,,,,,,0,,,,,,,,,20180219,,,,,1,6,62,1,1189.01001,1450.89001,1450.89001,964245,0.240639,1451.54004,1451.75000,484107,1,1,1450.89001,,20180131,0.240639,0.050627,0.049674,0.029440,0.028639,0.056179
84788,20180228,,11,3,7370,02313510,AMZN,AMAZON COM INC,,AMZN,454113,Q,A,R,15473,20733,3,7370,02313510,,,,,,,,0,,,,,,,,,20180328,,,,,1,6,61,1,1339.59998,1521.94995,1512.44995,1379892,0.042429,1512.44995,1512.95996,484608,1,1,1512.44995,,20180228,0.042429,-0.039511,-0.041380,-0.040040,-0.041481,-0.038947
84788,20180329,,11,3,7370,02313510,AMZN,AMAZON COM INC,,AMZN,454113,Q,A,R,15473,20733,3,7370,02313510,,,,,,,,0,,,,,,,,,20180417,,,,,1,6,61,1,1431.42004,1598.39001,1447.33997,1303999,-0.043049,1444.01001,1445.95996,485000,1,1,1447.33997,,20180329,-0.043049,-0.018454,-0.020321,0.001183,-0.001111,-0.026885
84788,20180430,,11,3,7370,02313510,AMZN,AMAZON COM INC,,AMZN,454113,Q,A,R,15473,20733,3,7370,02313510,,,,,,,,0,,,,,,,,,20180628,,,,,1,6,62,1,1371.98999,1572.62000,1566.13000,1301856,0.082075,1566.00000,1566.56006,485227,1,1,1566.13000,,20180430,0.082075,0.004710,0.003602,0.008205,0.007083,0.002719
84788,20180531,,11,3,7370,02313510,AMZN,AMAZON COM INC,,AMZN,454113,Q,A,R,15473,20733,3,7370,02313510,,,,,,,,,,,,,,,,,,,,,,,,,,1569.68005,1629.62000,1629.62000,716445,0.040539,1629.67004,1630.14001,485227,1,1,1629.62000,,20180531,0.040539,0.026175,0.023879,0.034612,0.032912,0.021608
84788,20180629,,11,3,7370,02313510,AMZN,AMAZON COM INC,,AMZN,454113,Q,A,R,15473,20733,3,7370,02313510,,,,,,,,0,,,,,,,,,20180717,,,,,1,6,62,1,1641.54004,1750.07996,1699.80005,860218,0.043065,1698.81995,1699.67004,487000,1,1,1699.80005,,20180629,0.043065,0.005363,0.003579,0.002819,0.000068,0.004842
84788,20180731,,11,3,7370,02313510,AMZN,AMAZON COM INC,,AMZN,454113,Q,A,R,15473,20733,3,7370,02313510,,,,,,,,0,,,,,,,,,20180927,,,,,1,6,62,1,1693.95996,1863.60999,1777.43994,974984,0.045676,1777.43994,1777.87000,487741,1,1,1777.43994,,20180731,0.045676,0.031603,0.030467,0.006800,0.005761,0.036022
84788,20180831,,11,3,7370,02313510,AMZN,AMAZON COM INC,,AMZN,454113,Q,A,R,15473,20733,3,7370,02313510,,,,,,,,0,,,,,,,,,,,,,,1,6,60,1,1797.17004,2012.70996,2012.70996,965718,0.132365,2013.00000,2014.72998,487741,1,1,2012.70996,,20180831,0.132365,0.030204,0.027737,0.019158,0.017220,0.030263
84788,20180928,,11,3,7370,02313510,AMZN,AMAZON COM INC,,AMZN,454113,Q,A,R,15473,20733,3,7370,02313510,,,,,,,,0,,,,,,,,,20181016,,,,,1,6,61,1,1908.03003,2039.51001,2003.00000,949442,-0.004824,2002.55005,2002.83997,484000,1,1,2003.00000,,20180928,-0.004824,0.000432,-0.001204,-0.010314,-0.012381,0.004294
84788,20181031,,11,3,7370,02313510,AMZN,AMAZON COM INC,,AMZN,454113,Q,A,R,15473,20733,3,7370,02313510,,,,,,,,0,,,,,,,,,20190122,,,,,1,6,62,1,1530.42004,2004.35999,1598.01001,1833406,-0.202192,1597.82996,1599.18994,488969,1,1,1598.01001,,20181031,-0.202192,-0.074076,-0.075143,-0.082433,-0.083411,-0.069403
84788,20181130,,11,3,7370,02313510,AMZN,AMAZON COM INC,,AMZN,454113,Q,A,R,15473,20733,3,7370,02313510,,,,,,,,0,,,,,,,,,,,,,,1,6,61,1,1495.45996,1755.48999,1690.17004,1393304,0.057672,1693.15002,1693.18994,488969,1,1,1690.17004,,20181130,0.057672,0.018489,0.016149,0.000576,-0.001232,0.017859
84788,20181231,,11,3,7370,02313510,AMZN,AMAZON COM INC,,AMZN,454113,Q,A,R,15473,20733,3,7370,02313510,,,,,,,,0,,,,,,,,,,,,,,1,6,60,1,1343.95996,1772.35999,1501.96997,1547997,-0.111350,1503.39001,1504.41003,488969,1,1,1501.96997,,20181231,-0.111350,-0.089889,-0.092123,-0.099310,-0.102864,-0.091777
84788,20190131,,11,3,7370,02313510,AMZN,AMAZON COM INC,,AMZN,454113,Q,A,R,15473,20733,3,7370,02313510,,,,,,,,0,,,,,,,,,20190224,,,,,1,6,61,1,1500.28003,1718.72998,1718.72998,1340426,0.144317,1718.73999,1719.76001,491203,1,1,1718.72998,,20190131,0.144317,0.088295,0.087069,0.120268,0.119346,0.078684
84788,20190228,,11,3,7370,02313510,AMZN,AMAZON COM INC,,AMZN,454113,Q,A,R,15473,20733,3,7370,02313510,,,,,,,,0,,,,,,,,,20190328,,,,,1,6,61,1,1588.21997,1658.81006,1639.82996,809418,-0.045906,1639.79004,1640.20996,491760,1,1,1639.82996,,20190228,-0.045906,0.032724,0.030666,0.038566,0.037059,0.029729
84788,20190329,,11,3,7370,02313510,AMZN,AMAZON COM INC,,AMZN,454113,Q,A,R,15473,20733,3,7370,02313510,,,,,,,,0,,,,,,,,,20190416,,,,,1,6,62,1,1620.80005,1819.26001,1780.75000,1008380,0.085936,1780.87000,1781.19995,492000,1,1,1780.75000,,20190329,0.085936,0.012964,0.011141,-0.003896,-0.006074,0.017924
84788,20190430,,11,3,7370,02313510,AMZN,AMAZON COM INC,,AMZN,454113,Q,A,R,15473,20733,3,7370,02313510,,,,,,,,0,,,,,,,,,20190627,,,,,1,6,62,1,1813.97998,1950.63000,1926.52002,813030,0.081859,1926.51001,1926.80005,492332,1,1,1926.52002,,20190430,0.081859,0.037889,0.036695,0.020323,0.019130,0.039313
84788,20190531,,11,3,7370,02313510,AMZN,AMAZON COM INC,,AMZN,454113,Q,A,R,15473,20733,3,7370,02313510,,,,,,,,0,,,,,,,,,,,,,,1,6,63,1,1775.06995,1962.45996,1775.06995,982070,-0.078613,1774.66003,1775.06995,492332,1,1,1775.06995,,20190531,-0.078613,-0.061679,-0.063898,-0.064571,-0.066402,-0.065778
84788,20190628,,11,3,7370,02313510,AMZN,AMAZON COM INC,,AMZN,454113,Q,A,R,15473,20733,3,7370,02313510,,,,,,,,0,,,,,,,,,20190716,,,,,1,6,62,1,1692.68994,1918.18994,1893.63000,747629,0.066792,1889.75000,1890.33997,494000,1,1,1893.63000,,20190628,0.066792,0.067279,0.065283,0.049002,0.046094,0.068930
84788,20190731,,11,3,7370,02313510,AMZN,AMAZON COM INC,,AMZN,454113,Q,A,R,15473,20733,3,7370,02313510,,,,,,,,0,,,,,,,,,20190929,,,,,1,6,62,1,1866.78003,2020.98999,1866.78003,731945,-0.014179,1866.38000,1866.73999,494656,1,1,1866.78003,,20190731,-0.014179,0.011854,0.010701,-0.005245,-0.006280,0.013128
84788,20190830,,11,3,7370,02313510,AMZN,AMAZON COM INC,,AMZN,454113,Q,A,R,15473,20733,3,7370,02313510,,,,,,,,,,,,,,,,,,,,,,,,,,1749.62000,1855.31995,1776.29004,799855,-0.048474,1776.18005,1776.30005,494656,1,1,1776.29004,,20190830,-0.048474,-0.020339,-0.022372,-0.040001,-0.041599,-0.018092
84788,20190930,,11,3,7370,02313510,AMZN,AMAZON COM INC,,AMZN,454113,Q,A,R,15473,20733,3,7370,02313510,,,,,,,,0,,,,,,,,,20191015,,,,,1,6,62,1,1725.44995,1843.55005,1735.91003,619954,-0.022733,1735.56006,1736.10999,495000,1,1,1735.91003,,20190930,-0.022733,0.016033,0.014169,0.017681,0.015360,0.017181
84788,20191031,,11,3,7370,02313510,AMZN,AMAZON COM INC,,AMZN,454113,Q,A,R,15473,20733,3,7370,02313510,,,,,,,,0,,,,,,,,,20191230,,,,,1,6,62,1,1705.51001,1787.47998,1776.66003,721622,0.023475,1776.82996,1777.37000,495797,1,1,1776.66003,,20191031,0.023475,0.019256,0.018085,0.006291,0.005261,0.020432
84788,20191129,,11,3,7370,02313510,AMZN,AMAZON COM INC,,AMZN,454113,Q,A,R,15473,20733,3,7370,02313510,,,,,,,,,,,,,,,,,,,,,,,,,,1734.70996,1818.51001,1800.80005,520498,0.013587,1800.95996,1800.96997,495797,1,1,1800.80005,,20191129,0.013587,0.034997,0.032983,0.026601,0.024938,0.034047
84788,20191231,,11,3,7370,02313510,AMZN,AMAZON COM INC,,AMZN,454113,Q,A,R,15473,20733,3,7370,02313510,,,,,,,,0,,,,,,,,,20200121,,,,,1,6,61,1,1739.20996,1869.80005,1847.83997,687587,0.026122,1846.90002,1847.62000,498000,1,1,1847.83997,,20191231,0.026122,0.028491,0.026244,0.044379,0.040641,0.028590
84788,20200131,,11,3,7370,02313510,AMZN,AMAZON COM INC,,AMZN,454113,Q,A,R,15473,20733,3,7370,02313510,,,,,,,,0,,,,,,,,,20200217,,,,,1,6,61,1,1828.33997,2008.71997,2008.71997,846043,0.087064,2007.69995,2007.78003,497810,1,1,2008.71997,,20200131,0.087064,-0.001728,-0.002849,-0.013334,-0.014200,-0.001628
84788,20200228,,11,3,7370,02313510,AMZN,AMAZON COM INC,,AMZN,454113,Q,A,R,15473,20733,3,7370,02313510,,,,,,,,0,,,,,,,,,20200318,,,,,1,6,61,1,1883.75000,2170.21997,1883.75000,923279,-0.062214,1887.90002,1889.27002,497856,1,1,1883.75000,,20200228,-0.062214,-0.077918,-0.079868,-0.069814,-0.071321,-0.084110
84788,20200331,20201231,11,3,7370,02313510,AMZN,AMAZON COM INC,,AMZN,454110,Q,A,R,15473,20733,3,7370,02313510,,,,,,,,0,,,,,,,,,20200421,,,,,1,6,62,1,1676.60999,1975.82996,1949.71997,1633697,0.035021,1946.00000,1949.73999,499000,1,1,1949.71997,,20200331,0.035021,-0.141733,-0.143685,-0.207501,-0.209773,-0.125119
84788,20200430,,11,3,7370,02313510,AMZN,AMAZON COM INC,,AMZN,454110,Q,A,R,15473,20733,3,7370,02313510,,,,,,,,0,,,,,,,,,20200629,,,,,1,6,61,1,1906.58997,2474.00000,2474.00000,1243186,0.268900,2466.91992,2468.98999,498776,1,1,2474.00000,,20200430,0.268900,0.129677,0.128408,0.153872,0.152519,0.126844
84788,20200529,,11,3,7370,02313510,AMZN,AMAZON COM INC,,AMZN,454110,Q,A,R,15473,20733,3,7370,02313510,,,,,,,,,,,,,,,,,,,,,,,,,,2286.04004,2497.93994,2442.37012,823707,-0.012785,2433.14990,2433.15991,498776,1,1,2442.37012,,20200529,-0.012785,0.053739,0.051688,0.064070,0.062277,0.045282
84788,20200630,,11,3,7370,02313510,AMZN,AMAZON COM INC,,AMZN,454110,Q,A,R,15473,20733,3,7370,02313510,,,,,,,,0,,,,,,,,,20200721,,,,,1,6,60,1,2460.60010,2764.40991,2758.82007,878785,0.129567,2756.05005,2758.69995,501000,1,1,2758.82007,,20200630,0.129567,0.025299,0.023522,0.057391,0.054855,0.018388
84788,20200731,,11,3,7370,02313510,AMZN,AMAZON COM INC,,AMZN,454110,Q,A,R,15473,20733,3,7370,02313510,,,,,,,,0,,,,,,,,,20200929,,,,,1,6,61,1,2878.69995,3200.00000,3164.67993,1270621,0.147114,3163.86011,3165.93994,500890,1,1,3164.67993,,20200731,0.147114,0.055529,0.054408,0.040736,0.039671,0.055101
84788,20200831,,11,3,7370,02313510,AMZN,AMAZON COM INC,,AMZN,454110,Q,A,R,15473,20733,3,7370,02313510,,,,,,,,0,,,,,,,,,,,,,,1,6,62,1,3080.66992,3450.95996,3450.95996,838575,0.090461,3441.11011,3444.70996,500890,1,1,3450.95996,,20200831,0.090461,0.068443,0.066799,0.038884,0.037315,0.070065
84788,20200930,,11,3,7370,02313510,AMZN,AMAZON COM INC,,AMZN,454110,Q,A,R,15473,20733,3,7370,02313510,,,,,,,,0,,,,,,,,,20201020,,,,,1,6,62,1,2954.90991,3531.44995,3148.72998,1155863,-0.087579,3146.40991,3148.43994,502000,1,1,3148.72998,,20200930,-0.087579,-0.035057,-0.036516,-0.027356,-0.029264,-0.039228
84788,20201030,,11,3,7370,02313510,AMZN,AMAZON COM INC,,AMZN,454110,Q,A,R,15473,20733,3,7370,02313510,,,,,,,,0,,,,,,,,,20201231,,,,,1,6,63,1,3036.14990,3443.62988,3036.14990,1160304,-0.035754,3036.13989,3036.77002,501751,1,1,3036.14990,,20201030,-0.035754,-0.020178,-0.021217,0.000584,-0.000483,-0.027666
84788,20201130,,11,3,7370,02313510,AMZN,AMAZON COM INC,,AMZN,454110,Q,A,R,15473,20733,3,7370,02313510,,,,,,,,,,,,,,,,,,,,,,,,,,3004.47998,3322.00000,3168.04004,906431,0.043440,3168.04004,3169.34009,501751,1,1,3168.04004,,20201130,0.043440,0.123707,0.122018,0.174412,0.172530,0.107546
84788,20201231,,11,3,7370,02313510,AMZN,AMAZON COM INC,,AMZN,454110,Q,A,R,15473,20733,3,7370,02313510,,0.00000,,100,,,,0,,,,,,,,,,0,A,0.00000,A,1,6,63,1,3101.48999,3322.00000,3256.92993,772710,0.028058,3256.40991,3256.87988,501751,1,1,3256.92993,,20201231,0.028058,0.045048,0.043243,0.072853,0.069761,0.037121
