Order Date,Sales
2015-01-02,468.9
2015-01-03,2203.15
2015-01-04,119.89
2015-01-06,5188.52
2015-01-07,601.02
2015-01-08,228.33
2015-01-09,469.44
2015-01-10,4.71
2015-01-11,4637.82
2015-01-12,5624.39
2015-01-13,3553.8
2015-01-14,61.96
2015-01-15,149.95
2015-01-16,299.96
2015-01-18,64.86
2015-01-19,378.59
2015-01-20,2673.87
2015-01-23,40.08
2015-01-26,1097.25
2015-01-27,426.67
2015-01-28,3.93
2015-01-30,240.5
2015-01-31,290.67
2015-02-02,211.65
2015-02-03,47.76
2015-02-04,1458.56
2015-02-05,506.12
2015-02-06,738.6
2015-02-07,79.56
2015-02-08,886.28
2015-02-09,3254.15
2015-02-10,598.14
2015-02-11,2126.37
2015-02-12,1771.81
2015-02-14,576.73
2015-02-15,21.36
2015-02-16,9.04
2015-02-17,54.21
2015-02-18,37.78
2015-02-20,95.59
2015-02-21,8.85
2015-02-22,19.44
2015-02-23,11.36
2015-02-24,55.67
2015-02-27,19.46
2015-03-01,16.45
2015-03-02,97.11
2015-03-03,1345.89
2015-03-05,72.63
2015-03-06,531.16
2015-03-08,477.99
2015-03-09,22.08
2015-03-10,862.68
2015-03-11,2784.16
2015-03-12,505.88
2015-03-14,2108.55
2015-03-15,370.78
2015-03-16,471.92
2015-03-17,3960.36
2015-03-19,590.76
2015-03-21,4109.82
2015-03-22,464.09
2015-03-23,945.06
2015-03-24,65.38
2015-03-25,459.15
2015-03-26,145.13
2015-03-28,1493.22
2015-03-29,890.84
2015-03-30,1170.32
2015-03-31,1959.55
2015-04-01,288.06
2015-04-02,134.38
2015-04-03,370.45
2015-04-04,475.84
2015-04-05,187.43
2015-04-06,456.27
2015-04-07,247.41
2015-04-08,2743.15
2015-04-10,728.75
2015-04-11,6693.75
2015-04-12,129.98
2015-04-13,638.58
2015-04-15,294.72
2015-04-16,39.07
2015-04-18,1020.53
2015-04-19,205.47
2015-04-20,1250.45
2015-04-21,845.36
2015-04-22,257.75
2015-04-23,643.98
2015-04-25,2379.99
2015-04-26,282.57
2015-04-28,2578.48
2015-04-29,768.84
2015-04-30,1048.74
2015-05-01,19.54
2015-05-03,705.56
2015-05-04,5179.74
2015-05-05,260.98
2015-05-07,1444.1
2015-05-08,2408.72
2015-05-09,296.3
2015-05-10,191.9
2015-05-11,1694.56
2015-05-12,2963.64
2015-05-13,898.38
2015-05-14,310.88
2015-05-16,289.28
2015-05-17,91.68
2015-05-18,944.96
2015-05-19,91.62
2015-05-20,320.1
2015-05-21,4264.33
2015-05-22,180.93
2015-05-23,323.76
2015-05-24,116.28
2015-05-25,119.54
2015-05-26,1325.72
2015-05-27,2157.39
2015-05-28,221.97
2015-05-30,1924.91
2015-05-31,773.7
2015-06-01,4407.1
2015-06-02,330.51
2015-06-04,1650.69
2015-06-05,254.46
2015-06-06,1374.0
2015-06-07,1038.47
2015-06-08,262.89
2015-06-09,100.36
2015-06-10,494.71
2015-06-12,1970.98
2015-06-13,14.52
2015-06-14,212.94
2015-06-15,942.97
2015-06-16,763.79
2015-06-17,3356.49
2015-06-18,139.8
2015-06-20,1828.95
2015-06-21,4107.44
2015-06-22,1975.5
2015-06-23,109.5
2015-06-24,4.27
2015-06-25,792.76
2015-06-27,616.14
2015-06-28,1645.79
2015-06-29,46.68
2015-06-30,739.62
2015-07-01,87.16
2015-07-02,180.32
2015-07-03,1561.06
2015-07-04,1021.17
2015-07-05,1091.35
2015-07-06,281.4
2015-07-07,241.19
2015-07-09,3523.88
2015-07-10,237.36
2015-07-11,1302.45
2015-07-12,548.4
2015-07-13,351.22
2015-07-14,292.59
2015-07-15,9.51
2015-07-18,273.04
2015-07-19,461.33
2015-07-20,2285.79
2015-07-21,1961.48
2015-07-22,1348.34
2015-07-23,2613.18
2015-07-25,8341.29
2015-07-26,5039.99
2015-07-27,580.06
2015-07-28,193.15
2015-07-30,1367.84
2015-08-02,14.56
2015-08-04,1958.75
2015-08-05,1799.97
2015-08-06,2501.26
2015-08-07,763.07
2015-08-08,3955.63
2015-08-10,147.39
2015-08-11,333.58
2015-08-12,1095.12
2015-08-15,337.5
2015-08-16,853.09
2015-08-17,500.34
2015-08-19,1439.11
2015-08-20,1838.72
2015-08-22,23.1
2015-08-23,565.22
2015-08-24,59.74
2015-08-25,1451.65
2015-08-26,366.81
2015-08-27,2070.13
2015-08-29,832.32
2015-08-30,121.24
2015-08-31,92.52
2015-09-01,40.54
2015-09-05,394.48
2015-09-06,5463.01
2015-09-07,265.52
2015-09-08,3605.69
2015-09-09,4043.59
2015-09-10,249.36
2015-09-11,1574.09
2015-09-12,1522.65
2015-09-13,1275.41
2015-09-14,5023.72
2015-09-15,133.44
2015-09-16,33.55
2015-09-17,820.52
2015-09-19,9338.64
2015-09-20,5335.97
2015-09-21,2679.65
2015-09-22,1240.27
2015-09-24,211.96
2015-09-25,354.89
2015-09-26,1326.79
2015-09-27,773.44
2015-09-28,490.29
2015-09-29,8109.07
2015-09-30,987.53
2015-10-01,54.83
2015-10-03,741.96
2015-10-05,2343.8
2015-10-06,491.55
2015-10-09,1855.23
2015-10-10,2049.39
2015-10-11,2002.56
2015-10-12,573.34
2015-10-13,2212.18
2015-10-14,4525.48
2015-10-15,206.72
2015-10-16,194.32
2015-10-17,136.07
2015-10-18,3134.92
2015-10-19,641.1
2015-10-20,1501.1
2015-10-21,1356.6
2015-10-22,223.81
2015-10-24,56.49
2015-10-25,103.88
2015-10-26,447.88
2015-10-27,22.32
2015-10-28,1510.58
2015-10-29,2813.81
2015-10-31,5362.03
2015-11-01,9.94
2015-11-02,2043.4
2015-11-03,918.31
2015-11-04,1915.24
2015-11-05,1642.8
2015-11-07,2022.36
2015-11-08,451.62
2015-11-09,127.95
2015-11-10,1381.16
2015-11-11,7836.98
2015-11-14,1034.73
2015-11-15,1780.82
2015-11-16,1355.93
2015-11-18,3406.86
2015-11-19,7226.09
2015-11-20,907.56
2015-11-21,1249.62
2015-11-22,1103.3
2015-11-23,1363.28
2015-11-24,5572.86
2015-11-25,4415.7
2015-11-26,1705.99
2015-11-27,203.66
2015-11-28,2280.83
2015-11-29,649.04
2015-11-30,219.15
2015-12-02,129.57
2015-12-04,1872.44
2015-12-05,734.85
2015-12-07,1960.01
2015-12-08,1545.73
2015-12-09,4904.66
2015-12-10,58.53
2015-12-11,901.65
2015-12-12,4938.4
2015-12-13,293.15
2015-12-14,7641.66
2015-12-15,1264.47
2015-12-16,4065.6
2015-12-17,45.53
2015-12-19,3436.76
2015-12-20,6962.44
2015-12-21,1933.44
2015-12-22,798.97
2015-12-23,942.11
2015-12-24,1950.2
2015-12-26,2041.41
2015-12-27,2966.39
2015-12-28,2682.33
2015-12-29,2072.1
2015-12-30,2172.65
2015-12-31,5253.27
2016-01-03,1642.17
2016-01-05,450.94
2016-01-06,834.2
2016-01-08,1011.7
2016-01-09,2367.56
2016-01-10,1158.41
2016-01-11,3106.11
2016-01-12,7130.59
2016-01-13,622.28
2016-01-17,350.38
2016-01-19,301.74
2016-01-23,43.66
2016-01-24,13.12
2016-01-26,182.72
2016-01-27,3573.25
2016-01-28,4297.64
2016-01-30,2161.64
2016-01-31,99.26
2016-02-01,1932.1
2016-02-03,899.57
2016-02-04,299.22
2016-02-05,167.23
2016-02-07,1631.9
2016-02-08,1290.48
2016-02-10,1269.27
2016-02-11,5528.55
2016-02-14,1079.96
2016-02-15,1602.38
2016-02-16,160.43
2016-02-18,105.84
2016-02-20,316.78
2016-02-21,2591.1
2016-02-22,79.36
2016-02-23,37.78
2016-02-25,25.87
2016-02-27,1159.27
2016-02-28,551.26
2016-03-01,1768.22
2016-03-02,492.84
2016-03-05,2198.76
2016-03-07,823.98
2016-03-09,1874.9
2016-03-10,275.22
2016-03-11,2800.85
2016-03-12,1972.64
2016-03-13,1384.86
2016-03-14,707.9
2016-03-15,16.78
2016-03-16,7230.21
2016-03-17,48.84
2016-03-19,5203.89
2016-03-20,102.52
2016-03-21,1270.38
2016-03-22,2481.42
2016-03-23,633.3
2016-03-24,412.95
2016-03-26,131.16
2016-03-27,83.7
2016-03-28,243.34
2016-03-29,1559.08
2016-03-30,571.22
2016-03-31,200.72
2016-04-01,264.46
2016-04-04,1484.6
2016-04-05,1121.36
2016-04-06,1192.31
2016-04-07,1138.29
2016-04-09,1071.28
2016-04-10,505.58
2016-04-12,5185.81
2016-04-13,3192.68
2016-04-14,35.21
2016-04-16,4161.97
2016-04-17,2745.11
2016-04-18,2006.96
2016-04-19,329.96
2016-04-20,1194.73
2016-04-21,893.09
2016-04-22,152.92
2016-04-24,25.99
2016-04-25,920.95
2016-04-26,2090.11
2016-04-27,2719.59
2016-04-28,4044.36
2016-04-29,7.97
2016-04-30,1571.7
2016-05-01,295.27
2016-05-03,1969.27
2016-05-04,2974.06
2016-05-06,1533.2
2016-05-07,121.65
2016-05-08,72.65
2016-05-09,934.1
2016-05-10,851.09
2016-05-11,834.87
2016-05-12,897.32
2016-05-13,238.38
2016-05-14,3141.2
2016-05-15,69.91
2016-05-16,255.97
2016-05-17,47.37
2016-05-18,10.86
2016-05-20,169.54
2016-05-21,72.33
2016-05-22,3862.1
2016-05-23,1304.96
2016-05-24,610.31
2016-05-25,1739.42
2016-05-26,982.56
2016-05-28,794.15
2016-05-29,1119.79
2016-05-30,681.1
2016-05-31,5178.14
2016-06-01,31.54
2016-06-02,2432.54
2016-06-03,1555.24
2016-06-04,140.0
2016-06-07,1379.81
2016-06-08,494.87
2016-06-09,919.67
2016-06-11,11.48
2016-06-12,6061.5
2016-06-13,1128.9
2016-06-14,51.07
2016-06-15,734.14
2016-06-16,3443.9
2016-06-18,1883.09
2016-06-19,446.35
2016-06-20,829.54
2016-06-21,107.98
2016-06-22,2018.95
2016-06-23,836.96
2016-06-25,857.08
2016-06-26,1592.2
2016-06-28,1126.16
2016-06-29,432.93
2016-07-02,324.11
2016-07-03,807.54
2016-07-04,907.44
2016-07-05,305.62
2016-07-06,59.77
2016-07-08,968.21
2016-07-09,2922.67
2016-07-11,3073.07
2016-07-12,1338.3
2016-07-13,2033.26
2016-07-14,860.92
2016-07-16,3029.39
2016-07-17,448.08
2016-07-18,525.72
2016-07-19,2.02
2016-07-20,2693.17
2016-07-23,208.27
2016-07-24,525.95
2016-07-25,2395.02
2016-07-26,958.86
2016-07-27,29.97
2016-07-30,443.8
2016-07-31,3712.16
2016-08-02,129.09
2016-08-03,2563.3
2016-08-05,3981.97
2016-08-06,145.5
2016-08-07,21.12
2016-08-08,760.11
2016-08-09,89.64
2016-08-10,222.12
2016-08-12,2672.73
2016-08-13,586.9
2016-08-15,497.59
2016-08-16,3378.93
2016-08-17,381.64
2016-08-21,2827.52
2016-08-22,66.63
2016-08-23,1202.28
2016-08-24,7194.78
2016-08-25,178.53
2016-08-27,639.97
2016-08-28,6491.29
2016-08-29,246.5
2016-08-31,2601.8
2016-09-01,364.07
2016-09-02,785.55
2016-09-03,478.01
2016-09-04,757.99
2016-09-05,48.81
2016-09-06,797.12
2016-09-07,1587.11
2016-09-08,4878.39
2016-09-10,2133.54
2016-09-11,4620.29
2016-09-12,34.02
2016-09-13,2109.42
2016-09-14,3262.42
2016-09-15,2535.85
2016-09-16,31.12
2016-09-18,3924.32
2016-09-19,500.38
2016-09-20,1836.05
2016-09-21,6982.06
2016-09-22,1783.5
2016-09-24,4180.61
2016-09-25,3033.76
2016-09-26,3722.27
2016-09-27,2382.96
2016-09-28,1058.36
2016-10-01,1018.1
2016-10-02,77.24
2016-10-03,90.93
2016-10-04,169.54
2016-10-05,154.44
2016-10-07,43.29
2016-10-08,851.47
2016-10-09,1415.73
2016-10-10,1855.01
2016-10-11,3536.9
2016-10-12,3080.38
2016-10-13,371.66
2016-10-15,3219.55
2016-10-16,824.97
2016-10-17,77.88
2016-10-18,378.49
2016-10-19,2135.09
2016-10-20,720.09
2016-10-22,15.13
2016-10-23,2262.3
2016-10-24,831.14
2016-10-25,1425.41
2016-10-26,1395.33
2016-10-28,104.51
2016-10-29,244.24
2016-10-30,2122.04
2016-10-31,3211.01
2016-11-04,1328.35
2016-11-05,191.97
2016-11-06,3373.56
2016-11-07,1941.95
2016-11-08,196.11
2016-11-09,1962.13
2016-11-10,1011.9
2016-11-11,542.18
2016-11-12,1590.89
2016-11-13,2867.91
2016-11-14,2512.71
2016-11-15,702.17
2016-11-16,4072.33
2016-11-17,3885.99
2016-11-19,1040.78
2016-11-20,2861.15
2016-11-21,3613.57
2016-11-22,614.5
2016-11-23,3450.19
2016-11-24,1218.76
2016-11-25,13.12
2016-11-26,1484.08
2016-11-27,3109.78
2016-11-28,1864.48
2016-11-29,2760.17
2016-11-30,1798.4
2016-12-01,747.5
2016-12-03,51.02
2016-12-05,1060.35
2016-12-06,174.48
2016-12-07,2052.57
2016-12-09,707.82
2016-12-10,2390.76
2016-12-11,1127.99
2016-12-12,1448.85
2016-12-13,1023.39
2016-12-14,488.74
2016-12-15,5494.8
2016-12-16,4.98
2016-12-17,1918.49
2016-12-18,935.29
2016-12-19,6120.66
2016-12-20,1107.46
2016-12-21,3257.76
2016-12-22,473.31
2016-12-23,194.32
2016-12-24,7484.57
2016-12-25,4204.97
2016-12-26,561.49
2016-12-27,5148.45
2016-12-28,79.2
2016-12-30,3251.34
2016-12-31,1381.34
2017-01-02,161.97
2017-01-03,6285.81
2017-01-04,2161.48
2017-01-05,517.87
2017-01-07,1724.38
2017-01-08,1124.65
2017-01-09,5766.15
2017-01-10,781.41
2017-01-11,453.37
2017-01-12,7365.46
2017-01-14,405.34
2017-01-15,701.92
2017-01-16,102.22
2017-01-17,1040.55
2017-01-21,1167.06
2017-01-22,917.63
2017-01-23,1732.3
2017-01-24,31.36
2017-01-25,858.71
2017-01-28,39.68
2017-01-30,3107.32
2017-01-31,1601.55
2017-02-01,405.92
2017-02-02,8996.78
2017-02-04,1454.9
2017-02-05,767.32
2017-02-06,157.84
2017-02-07,772.79
2017-02-08,482.58
2017-02-09,6792.19
2017-02-12,4684.62
2017-02-13,146.82
2017-02-14,837.92
2017-02-15,407.07
2017-02-16,1135.64
2017-02-19,392.66
2017-02-20,16.5
2017-02-21,1524.13
2017-02-22,983.17
2017-02-23,57.58
2017-02-25,46.72
2017-02-27,243.89
2017-02-28,147.58
2017-03-01,2095.83
2017-03-02,866.4
2017-03-03,7264.42
2017-03-04,441.2
2017-03-05,1099.01
2017-03-07,847.7
2017-03-08,248.82
2017-03-09,2365.6
2017-03-10,1680.7
2017-03-11,3802.8
2017-03-12,5269.82
2017-03-13,8866.88
2017-03-14,669.37
2017-03-15,1805.99
2017-03-17,2360.33
2017-03-18,1061.68
2017-03-19,138.68
2017-03-20,928.31
2017-03-21,645.71
2017-03-22,226.47
2017-03-24,745.77
2017-03-25,1346.97
2017-03-26,682.25
2017-03-27,92.7
2017-03-28,125.3
2017-03-29,2659.34
2017-03-30,11.34
2017-03-31,640.76
2017-04-01,1069.22
2017-04-02,197.87
2017-04-03,315.45
2017-04-04,970.19
2017-04-06,2316.52
2017-04-07,1651.3
2017-04-08,497.91
2017-04-09,1707.81
2017-04-10,5912.78
2017-04-11,3888.82
2017-04-12,944.29
2017-04-13,6.12
2017-04-14,1466.57
2017-04-15,2201.86
2017-04-16,9335.09
2017-04-17,421.08
2017-04-18,2514.54
2017-04-19,1414.13
2017-04-21,271.62
2017-04-22,1765.46
2017-04-23,720.37
2017-04-24,1607.1
2017-04-25,108.42
2017-04-26,434.65
2017-04-28,486.67
2017-04-30,142.21
2017-05-01,255.9
2017-05-02,2994.48
2017-05-03,162.34
2017-05-04,1046.33
2017-05-05,2701.28
2017-05-06,659.82
2017-05-08,197.05
2017-05-09,5226.35
2017-05-11,4266.9
2017-05-12,5138.93
2017-05-14,455.93
2017-05-15,648.91
2017-05-16,880.46
2017-05-17,346.92
2017-05-18,122.22
2017-05-19,1582.01
2017-05-20,2471.91
2017-05-21,2718.21
2017-05-22,1799.2
2017-05-24,277.76
2017-05-25,1311.97
2017-05-26,1975.36
2017-05-27,5305.08
2017-05-28,2137.32
2017-05-29,1063.18
2017-05-30,8090.58
2017-05-31,438.86
2017-06-02,132.22
2017-06-03,811.3
2017-06-04,1294.75
2017-06-05,236.96
2017-06-06,5477.35
2017-06-08,320.39
2017-06-09,1313.54
2017-06-10,830.4
2017-06-11,773.26
2017-06-12,2859.97
2017-06-13,430.44
2017-06-14,3457.1
2017-06-15,173.49
2017-06-16,147.27
2017-06-17,3000.92
2017-06-18,541.94
2017-06-19,17.12
2017-06-20,1229.55
2017-06-21,577.11
2017-06-23,2475.09
2017-06-24,5310.95
2017-06-25,893.27
2017-06-26,1919.6
2017-06-27,778.71
2017-06-28,877.16
2017-06-29,191.88
2017-06-30,1352.95
2017-07-01,83.58
2017-07-02,762.14
2017-07-03,21.07
2017-07-04,1900.3
2017-07-05,4835.98
2017-07-06,51.56
2017-07-07,3882.23
2017-07-08,179.97
2017-07-10,973.71
2017-07-11,3810.46
2017-07-14,2149.96
2017-07-15,380.2
2017-07-16,910.17
2017-07-17,2184.88
2017-07-18,2891.86
2017-07-19,1536.45
2017-07-20,89.95
2017-07-21,991.1
2017-07-22,1368.05
2017-07-23,654.59
2017-07-24,326.96
2017-07-25,4979.31
2017-07-28,2033.37
2017-07-29,819.15
2017-07-30,1770.78
2017-07-31,2174.16
2017-08-01,1859.16
2017-08-02,1369.48
2017-08-03,2190.81
2017-08-04,2906.4
2017-08-05,1340.24
2017-08-07,2616.51
2017-08-08,1115.2
2017-08-09,4493.98
2017-08-10,561.54
2017-08-11,993.9
2017-08-12,4709.1
2017-08-13,731.52
2017-08-14,923.69
2017-08-15,1680.27
2017-08-16,204.54
2017-08-17,15.71
2017-08-18,496.11
2017-08-19,448.79
2017-08-20,14.78
2017-08-21,4225.12
2017-08-22,405.35
2017-08-23,4187.35
2017-08-26,4874.3
2017-08-27,767.91
2017-08-28,322.02
2017-08-29,632.19
2017-08-30,1656.87
2017-08-31,23.97
2017-09-01,743.05
2017-09-02,121.83
2017-09-03,635.6
2017-09-04,1115.2
2017-09-05,1283.51
2017-09-06,1688.47
2017-09-07,573.29
2017-09-08,661.35
2017-09-09,84.99
2017-09-10,546.92
2017-09-11,479.97
2017-09-12,1855.48
2017-09-13,2374.73
2017-09-14,1137.34
2017-09-15,2101.18
2017-09-16,425.89
2017-09-17,2043.13
2017-09-18,4751.08
2017-09-19,3839.31
2017-09-20,1232.0
2017-09-22,418.06
2017-09-23,1322.14
2017-09-24,2286.05
2017-09-25,2384.0
2017-09-26,2698.17
2017-09-27,1992.99
2017-09-28,99.14
2017-09-29,1271.55
2017-09-30,525.88
2017-10-01,174.75
2017-10-03,7879.73
2017-10-04,950.59
2017-10-05,763.02
2017-10-06,1412.4
2017-10-07,895.9
2017-10-09,2094.32
2017-10-10,252.36
2017-10-11,4723.48
2017-10-12,3453.23
2017-10-13,1650.62
2017-10-14,3335.89
2017-10-15,1620.15
2017-10-16,142.18
2017-10-17,2953.35
2017-10-18,307.92
2017-10-20,946.17
2017-10-21,7877.27
2017-10-22,188.28
2017-10-23,467.42
2017-10-24,1365.5
2017-10-25,783.96
2017-10-27,978.79
2017-10-28,2899.02
2017-10-29,131.15
2017-10-30,159.0
2017-10-31,3750.5
2017-11-01,149.44
2017-11-02,69.93
2017-11-03,896.02
2017-11-05,5.98
2017-11-06,1623.42
2017-11-08,151.82
2017-11-09,6402.02
2017-11-10,33.06
2017-11-11,4944.3
2017-11-12,6102.25
2017-11-13,2945.14
2017-11-14,2774.06
2017-11-15,2145.72
2017-11-16,36.72
2017-11-17,142.68
2017-11-18,3958.93
2017-11-19,638.46
2017-11-20,3070.33
2017-11-21,1176.89
2017-11-22,317.04
2017-11-23,100.62
2017-11-24,6394.54
2017-11-25,7978.55
2017-11-26,8329.74
2017-11-27,1305.77
2017-11-28,3428.37
2017-11-29,300.59
2017-11-30,970.14
2017-12-02,1366.04
2017-12-03,1694.64
2017-12-04,1542.53
2017-12-05,918.88
2017-12-06,2962.56
2017-12-07,95.76
2017-12-08,3951.96
2017-12-09,2043.79
2017-12-11,4914.94
2017-12-12,1874.04
2017-12-13,1194.09
2017-12-14,828.65
2017-12-15,2637.09
2017-12-16,628.54
2017-12-18,7051.35
2017-12-19,815.11
2017-12-20,134.54
2017-12-22,1043.13
2017-12-23,6965.86
2017-12-24,1938.26
2017-12-26,1829.42
2017-12-27,959.49
2017-12-29,1277.68
2017-12-30,773.77
2017-12-31,731.77
2018-01-01,1481.83
2018-01-04,5972.99
2018-01-05,4108.37
2018-01-06,586.04
2018-01-07,639.83
2018-01-08,2085.65
2018-01-09,1261.81
2018-01-10,2978.47
2018-01-11,2921.43
2018-01-12,5331.18
2018-01-13,4619.33
2018-01-14,697.34
2018-01-15,2140.28
2018-01-16,6230.29
2018-01-19,2013.72
2018-01-20,767.84
2018-01-21,2546.64
2018-01-22,4212.37
2018-01-23,450.33
2018-01-24,418.67
2018-01-26,3055.28
2018-01-27,331.91
2018-01-28,1007.52
2018-01-29,158.64
2018-01-30,3749.34
2018-02-01,2079.55
2018-02-02,913.35
2018-02-03,1450.13
2018-02-04,822.97
2018-02-05,399.11
2018-02-06,135.71
2018-02-07,169.19
2018-02-09,8652.33
2018-02-10,5418.02
2018-02-11,6294.39
2018-02-12,9951.18
2018-02-13,1058.43
2018-02-16,1337.44
2018-02-17,2964.82
2018-02-18,287.33
2018-02-19,1314.59
2018-02-20,1150.29
2018-02-21,47.9
2018-02-23,117.8
2018-02-24,1448.68
2018-02-25,430.49
2018-02-26,2467.51
2018-02-28,17.62
2018-03-01,2070.27
2018-03-02,922.33
2018-03-03,2000.1
2018-03-04,32.53
2018-03-05,1386.35
2018-03-06,2952.04
2018-03-07,6963.4
2018-03-08,514.83
2018-03-09,1595.85
2018-03-10,2504.48
2018-03-11,4536.94
2018-03-12,1403.84
2018-03-13,4791.35
2018-03-14,49.62
2018-03-16,2014.38
2018-03-17,542.75
2018-03-18,1027.76
2018-03-19,2157.31
2018-03-20,899.57
2018-03-21,3332.64
2018-03-24,1257.3
2018-03-25,3567.03
2018-03-26,3252.88
2018-03-27,2933.52
2018-03-28,1504.7
2018-03-29,81.4
2018-03-30,656.41
2018-03-31,4981.01
2018-04-02,32.67
2018-04-03,228.82
2018-04-04,808.47
2018-04-05,1146.25
2018-04-06,279.41
2018-04-08,20.07
2018-04-09,5360.2
2018-04-10,19.98
2018-04-12,2639.64
2018-04-13,1345.82
2018-04-14,652.93
2018-04-15,332.34
2018-04-16,944.43
2018-04-17,3431.46
2018-04-20,1053.61
2018-04-21,1254.56
2018-04-22,947.69
2018-04-23,1199.22
2018-04-24,928.56
2018-04-25,678.11
2018-04-26,61.61
2018-04-27,576.58
2018-04-28,795.3
2018-04-29,1053.26
2018-04-30,1390.13
2018-05-02,2263.01
2018-05-03,1240.02
2018-05-05,185.12
2018-05-06,491.11
2018-05-07,476.35
2018-05-08,503.68
2018-05-09,327.04
2018-05-10,6684.62
2018-05-11,2355.06
2018-05-12,1453.14
2018-05-13,3066.38
2018-05-14,4182.06
2018-05-15,421.26
2018-05-16,221.02
2018-05-18,1830.51
2018-05-19,4919.18
2018-05-20,2997.58
2018-05-21,538.02
2018-05-22,336.56
2018-05-23,241.44
2018-05-25,886.03
2018-05-26,270.24
2018-05-27,2084.91
2018-05-28,1480.1
2018-05-29,691.11
2018-05-30,736.89
2018-06-01,33.74
2018-06-02,904.35
2018-06-03,778.24
2018-06-04,114.42
2018-06-05,2991.4
2018-06-06,31.35
2018-06-07,380.38
2018-06-08,1424.03
2018-06-10,1180.82
2018-06-11,4288.75
2018-06-12,10.68
2018-06-13,1156.02
2018-06-15,4057.51
2018-06-16,2724.19
2018-06-17,3896.67
2018-06-18,1031.16
2018-06-19,1900.19
2018-06-20,1028.23
2018-06-21,595.66
2018-06-22,579.02
2018-06-24,1184.68
2018-06-25,1508.35
2018-06-26,4224.14
2018-06-27,1644.91
2018-06-29,4521.99
2018-06-30,4721.98
2018-07-01,3395.59
2018-07-03,166.59
2018-07-04,1971.29
2018-07-05,2549.47
2018-07-07,1620.25
2018-07-08,3479.62
2018-07-09,3848.56
2018-07-10,2749.21
2018-07-11,2413.38
2018-07-12,2916.51
2018-07-13,504.54
2018-07-14,3598.93
2018-07-15,2132.23
2018-07-16,74.28
2018-07-17,2191.87
2018-07-18,2106.79
2018-07-20,2283.21
2018-07-21,3683.83
2018-07-22,556.31
2018-07-23,898.19
2018-07-24,2399.96
2018-07-25,798.74
2018-07-26,2012.3
2018-07-27,947.83
2018-07-28,1170.56
2018-07-29,1391.29
2018-07-30,523.38
2018-07-31,1558.03
2018-08-01,892.98
2018-08-03,843.1
2018-08-04,6401.93
2018-08-05,3658.55
2018-08-06,2227.04
2018-08-07,1980.26
2018-08-09,2184.33
2018-08-10,608.36
2018-08-11,384.1
2018-08-12,7643.04
2018-08-13,2643.16
2018-08-14,440.74
2018-08-15,1949.87
2018-08-16,80.56
2018-08-17,9517.29
2018-08-18,7078.48
2018-08-19,512.45
2018-08-20,692.95
2018-08-21,8284.53
2018-08-22,524.54
2018-08-23,4590.34
2018-08-24,685.06
2018-08-25,361.99
2018-08-26,190.66
2018-08-27,6190.54
2018-08-28,1443.63
2018-08-29,235.47
2018-08-31,3162.83
2018-09-01,274.49
2018-09-02,773.76
2018-09-03,710.8
2018-09-04,1626.71
2018-09-05,1078.22
2018-09-06,939.13
2018-09-07,1671.21
2018-09-09,4356.06
2018-09-10,1496.59
2018-09-11,4751.49
2018-09-12,5470.39
2018-09-13,15.92
2018-09-14,3471.4
2018-09-15,7285.03
2018-09-16,831.65
2018-09-17,4979.23
2018-09-18,1511.93
2018-09-19,1648.19
2018-09-20,7359.92
2018-09-21,338.17
2018-09-22,7871.21
2018-09-23,2395.79
2018-09-24,6450.46
2018-09-25,1412.21
2018-09-26,1486.58
2018-09-28,559.27
2018-09-29,1846.78
2018-09-30,540.76
2018-10-02,227.1
2018-10-03,1252.95
2018-10-04,755.53
2018-10-06,2513.34
2018-10-07,359.21
2018-10-08,1823.07
2018-10-09,2506.65
2018-10-10,239.36
2018-10-11,4007.55
2018-10-12,3873.56
2018-10-13,8405.8
2018-10-14,134.33
2018-10-15,1017.94
2018-10-16,3473.6
2018-10-17,126.35
2018-10-19,2781.87
2018-10-20,1333.86
2018-10-21,4537.2
2018-10-23,3352.39
2018-10-24,529.08
2018-10-26,999.87
2018-10-27,1086.32
2018-10-28,408.73
2018-10-29,46.96
2018-10-30,4025.73
2018-10-31,523.93
2018-11-02,1241.52
2018-11-03,1973.71
2018-11-04,319.81
2018-11-05,449.47
2018-11-06,1580.89
2018-11-07,1728.89
2018-11-08,708.73
2018-11-09,5564.01
2018-11-11,1815.22
2018-11-12,2025.04
2018-11-13,6633.42
2018-11-14,834.66
2018-11-15,559.2
2018-11-16,4755.23
2018-11-18,1469.76
2018-11-19,7397.27
2018-11-20,2988.27
2018-11-21,2236.18
2018-11-22,35.71
2018-11-23,1153.11
2018-11-24,4736.06
2018-11-25,3666.16
2018-11-26,5048.17
2018-11-27,1618.25
2018-11-28,6912.94
2018-11-29,491.89
2018-11-30,6645.28
2018-12-01,848.52
2018-12-03,353.28
2018-12-04,69.66
2018-12-05,970.38
2018-12-06,1679.97
2018-12-07,3.82
2018-12-08,3693.08
2018-12-09,491.55
2018-12-10,5625.39
2018-12-11,2911.39
2018-12-13,580.94
2018-12-14,3897.71
2018-12-15,306.89
2018-12-16,858.7
2018-12-17,2027.76
2018-12-18,3645.91
2018-12-19,1895.93
2018-12-20,377.74
2018-12-21,2140.94
2018-12-22,7442.02
2018-12-23,1926.78
2018-12-24,6233.05
2018-12-25,2698.93
2018-12-26,814.59
2018-12-27,177.64
2018-12-28,1657.35
2018-12-29,2915.53
2018-12-30,713.79
